date, pm25, pm10, o3, no2, so2
2025/11/1, 44, 5, 26, 4, 
2025/11/2, 17, 4, 23, 6, 
2025/11/3, 10, 8, 16, 12, 
2025/11/4, 21, , 9, 15, 
2025/11/6, 58, 17, 2, 8, 
2025/11/7, 55, 17, 6, 12, 
2025/11/8, 59, 19, 9, 9, 
2025/11/9, 66, 14, 16, 9, 
2025/11/10, 52, 13, 13, 12, 
2025/11/11, 38, 16, 5, 15, 
2025/11/12, 45, 17, 5, 18, 
2025/11/13, 47, 22, 3, 19, 
2025/11/14, 50, 38, 17, 15, 
2025/11/15, 63, 26, 10, 12, 
2025/11/16, 52, 10, 21, 6, 
2025/11/17, 33, 7, 17, 11, 
2025/11/18, 23, , , , 
2025/10/1, 48, 10, 23, 7, 
2025/10/2, 34, 11, 22, 7, 
2025/10/3, 38, 11, 28, 3, 
2025/10/4, 34, 6, 24, 1, 
2025/10/5, 14, 7, 20, 3, 
2025/10/6, 18, 9, 16, 5, 
2025/10/7, 21, 14, 19, 7, 
2025/10/8, 28, 13, 15, 6, 
2025/10/9, 33, 14, 17, 8, 
2025/10/10, 45, 16, 23, 6, 
2025/10/11, 52, 14, 23, 5, 
2025/10/12, 48, 10, 18, 5, 
2025/10/13, 33, 9, 20, 7, 
2025/10/14, 24, 11, 18, 9, 
2025/10/15, 30, 12, 16, 9, 
2025/10/16, 29, 11, 17, 9, 
2025/10/17, 28, 12, 25, 6, 
2025/10/18, 31, 9, 16, 6, 
2025/10/19, 25, 14, 18, 11, 
2025/10/20, 48, 8, 22, 4, 
2025/10/21, 20, 6, 17, 7, 
2025/10/22, 11, 5, 29, 3, 
2025/10/23, 9, 3, 28, 2, 
2025/10/24, 7, 4, 24, 3, 
2025/10/25, 9, 4, 24, 2, 
2025/10/26, 9, , 25, 2, 
2025/10/28, 14, 5, 20, 8, 
2025/10/29, 10, 8, 27, 6, 
2025/10/30, 14, 13, 7, 14, 
2025/10/31, 29, 14, 25, 10, 
2025/7/1, 34, 17, 62, 4, 
2025/7/2, 46, 16, 43, 2, 
2025/7/3, 40, 14, 51, 4, 
2025/7/4, 39, 12, 56, 5, 
2025/7/5, 28, 11, 30, 4, 
2025/7/6, 23, 7, 24, 1, 
2025/7/7, 14, 6, 33, 2, 
2025/7/8, 13, 7, 35, 2, 
2025/7/9, 18, 10, 47, 5, 
2025/7/10, 25, 10, 40, 3, 
2025/7/11, 25, 8, 39, 3, 
2025/7/12, 20, 10, 44, 6, 
2025/7/13, 26, 10, 38, 2, 
2025/7/14, 25, 11, 36, 2, 
2025/7/15, 31, 14, 31, 2, 
2025/7/16, 33, 9, 40, 2, 
2025/7/17, 20, 9, 54, 4, 
2025/7/18, 21, 12, 52, 3, 
2025/7/19, 28, 9, 44, 2, 
2025/7/20, 23, 8, 28, 3, 
2025/7/21, 18, 6, 28, 1, 
2025/7/22, 11, 5, 37, 2, 
2025/7/23, 12, 8, 33, 6, 
2025/7/24, 18, 9, 34, 6, 
2025/7/25, 24, 12, 31, 5, 
2025/7/26, 30, 12, 26, 2, 
2025/7/27, 30, 8, 27, 1, 
2025/7/28, 21, 9, 34, 2, 
2025/7/29, 27, 8, 34, 3, 
2025/7/30, 24, 7, 34, 3, 
2025/7/31, 22, 6, 25, 2, 
2025/8/1, 17, 7, 30, 1, 
2025/8/2, 16, 6, 23, 1, 
2025/8/3, 17, 6, 22, 2, 
2025/8/4, 18, 8, 28, 4, 
2025/8/5, 21, 9, 34, 4, 
2025/8/6, 20, 11, 45, 5, 
2025/8/7, 22, 14, 52, 6, 
2025/8/8, 30, 16, 63, 5, 
2025/8/9, 36, 17, 47, 2, 
2025/8/10, 41, 15, 47, 3, 
2025/8/11, 40, 22, 56, 4, 
2025/8/12, 55, 27, 56, 6, 
2025/8/13, 60, 32, 69, 6, 
2025/8/14, 60, 36, 76, 6, 
2025/8/15, 67, 31, 45, 3, 
2025/8/16, 64, 17, 36, 1, 
2025/8/17, 46, 10, 38, 3, 
2025/8/18, 26, 14, 49, 3, 
2025/8/19, 27, 18, 39, 6, 
2025/8/20, 38, 22, 40, 3, 
2025/8/21, 49, 20, 36, 3, 
2025/8/22, 38, 11, 36, 3, 
2025/8/23, 19, 10, 38, 2, 
2025/8/24, 22, 8, 46, 5, 
2025/8/25, 20, 15, 57, 7, 
2025/8/26, 27, 17, 34, 4, 
2025/8/27, 42, 15, 27, 5, 
2025/8/28, 46, 8, 34, 3, 
2025/8/29, 19, 5, 27, 2, 
2025/8/30, 10, 4, 27, 3, 
2025/8/31, 11, 4, 24, 4, 
2025/9/1, 9, 5, 27, 3, 
2025/9/2, 8, 5, 26, 3, 
2025/9/3, 10, 6, 25, 4, 
2025/9/4, 13, 6, 27, 3, 
2025/9/5, 13, 6, 32, 4, 
2025/9/6, 15, 6, 31, 3, 
2025/9/7, 15, 8, 18, 6, 
2025/9/8, 22, 11, 31, 4, 
2025/9/9, 38, 8, 20, 5, 
2025/9/10, 20, 6, 25, 3, 
2025/9/11, 17, 4, 24, 3, 
2025/9/12, 9, 6, 28, 4, 
2025/9/13, 16, 5, 25, 1, 
2025/9/14, 12, 3, 22, 1, 
2025/9/15, 7, 5, 26, 1, 
2025/9/16, 11, 6, 28, 4, 
2025/9/17, 13, 9, 35, 8, 
2025/9/18, 20, 11, 45, 7, 
2025/9/19, 25, 13, 43, 6, 
2025/9/20, 34, 13, 26, 4, 
2025/9/21, 35, 5, 20, 1, 
2025/9/22, 14, 5, 17, 3, 
2025/9/23, 11, 7, 15, 4, 
2025/9/24, 18, 6, 12, 6, 
2025/9/25, 18, 6, 5, 6, 
2025/9/26, 18, 11, 14, 5, 
2025/9/27, 34, 11, 16, 5, 
2025/9/28, 37, 14, 21, 7, 
2025/9/29, 47, 19, 22, 6, 
2025/9/30, 58, 14, 24, 5, 
2025/4/1, 23, 10, 38, 2, 
2025/4/2, 33, 15, 40, 5, 
2025/4/3, 48, 16, 42, 8, 
2025/4/4, 43, 16, 42, 10, 
2025/4/5, 39, 12, 39, 1, 
2025/4/6, 31, 6, 35, 4, 
2025/4/7, 12, 9, 37, 6, 
2025/4/8, 17, 13, 41, 9, 
2025/4/9, 27, 17, 33, 9, 
2025/4/10, 41, 26, 41, 10, 
2025/4/11, 63, 25, 43, 9, 
2025/4/12, 54, 18, 35, 6, 
2025/4/13, 36, 10, 37, 5, 
2025/4/14, 31, 12, 32, 8, 
2025/4/15, 37, 10, 28, 7, 
2025/4/16, 29, 9, 22, 4, 
2025/4/17, 28, 10, 27, 3, 
2025/4/18, 38, 9, 35, 6, 
2025/4/19, 35, 9, 38, 7, 
2025/4/20, 29, 6, 29, 5, 
2025/4/21, 17, 5, 29, 5, 
2025/4/22, 13, 8, 33, 7, 
2025/4/23, 23, 7, 29, 4, 
2025/4/24, 20, 6, 24, 4, 
2025/4/25, 17, 11, 31, 3, 
2025/4/26, 40, 10, 39, 3, 
2025/4/27, 30, 9, 46, 8, 
2025/4/28, 24, 13, 50, 10, 
2025/4/29, 33, 17, 56, 9, 
2025/4/30, 40, 17, 53, 6, 
2025/5/1, 44, 14, 64, 7, 
2025/5/2, 39, 17, 37, 3, 
2025/5/3, 40, 16, 29, 2, 
2025/5/4, 34, 9, 29, 2, 
2025/5/5, 21, 8, 37, 3, 
2025/5/6, 21, 9, 36, 6, 
2025/5/7, 20, 12, 31, 5, 
2025/5/8, 28, 15, 41, 4, 
2025/5/9, 39, 10, 45, 3, 
2025/5/10, 21, 9, 44, 5, 
2025/5/11, 23, 8, 40, 5, 
2025/5/12, 17, 11, 51, 6, 
2025/5/13, 23, 14, 61, 7, 
2025/5/14, 36, 16, 42, 3, 
2025/5/15, 37, 12, 39, 6, 
2025/5/16, 23, 12, 40, 3, 
2025/5/17, 22, 14, 44, 2, 
2025/5/18, 38, 12, 44, 3, 
2025/5/19, 33, 10, 45, 3, 
2025/5/20, 21, 10, 36, 6, 
2025/5/21, 23, 11, 36, 2, 
2025/5/22, 32, 13, 36, 4, 
2025/5/23, 31, 9, 42, 4, 
2025/5/24, 20, 7, 31, 1, 
2025/5/25, 19, 7, 36, 1, 
2025/5/26, 17, 9, 36, 4, 
2025/5/27, 21, 8, 28, 2, 
2025/5/28, 19, 7, 37, 1, 
2025/5/29, 17, 9, 40, 5, 
2025/5/30, 23, 10, 42, 5, 
2025/5/31, 27, 12, 38, 2, 
2025/6/1, 29, 13, 25, 4, 
2025/6/2, 34, 11, 29, 4, 
2025/6/3, 26, 11, 28, 4, 
2025/6/4, 29, 8, 30, 2, 
2025/6/5, 20, 6, 22, 2, 
2025/6/6, 14, 6, 26, 1, 
2025/6/7, 12, 6, 29, , 
2025/6/8, 16, 7, 36, 1, 
2025/6/9, 20, 15, 47, 4, 
2025/6/10, 50, 19, 46, 2, 
2025/6/11, 59, 14, 58, 2, 
2025/6/12, 46, 17, 62, 3, 
2025/6/13, 51, 20, 62, 3, 
2025/6/14, 52, 23, 41, 3, 
2025/6/15, 59, 11, 38, 2, 
2025/6/16, 33, 10, 43, 4, 
2025/6/17, 28, 12, 59, 4, 
2025/6/18, 36, 17, 64, 4, 
2025/6/19, 54, 12, 43, 2, 
2025/6/20, 36, 10, 54, 2, 
2025/6/21, 28, 13, 63, 3, 
2025/6/22, 36, 16, 37, 2, 
2025/6/23, 45, 14, 42, 1, 
2025/6/24, 27, 12, 48, 3, 
2025/6/25, 23, 20, 44, 3, 
2025/6/26, 34, 13, 28, 2, 
2025/6/27, 26, 8, 37, 2, 
2025/6/28, 19, 8, 40, 3, 
2025/6/29, 21, 9, 43, 3, 
2025/6/30, 26, 13, 55, 5, 
2025/1/1, 118, 14, 29, 3, 
2025/1/2, 44, 6, 25, 3, 
2025/1/3, 22, 8, 13, 13, 
2025/1/4, 29, 11, 25, 6, 
2025/1/5, 42, 5, 29, 3, 
2025/1/6, 17, 4, 27, 3, 
2025/1/7, 10, 3, 22, 9, 
2025/1/8, 10, 4, 26, 5, 
2025/1/9, 16, 4, 24, 8, 
2025/1/10, 13, 13, 15, 11, 
2025/1/11, 47, 14, 20, 7, 
2025/1/12, 52, 13, 19, 14, 
2025/1/13, 49, 16, 9, 17, 
2025/1/14, 55, 26, 4, 17, 
2025/1/15, 74, 19, 11, 11, 
2025/1/16, 67, 14, 14, 8, 
2025/1/17, 56, 17, 14, 7, 
2025/1/18, 63, 25, 5, 12, 
2025/1/19, 80, 25, 1, 14, 
2025/1/20, 81, 25, 1, 17, 
2025/1/21, 82, 26, 1, 19, 
2025/1/22, 82, 16, 19, 10, 
2025/1/23, 55, 8, 21, 11, 
2025/1/24, 22, 10, 20, 14, 
2025/1/25, 23, 8, 31, 6, 
2025/1/26, 22, 3, 32, 3, 
2025/1/27, 9, 2, 26, 8, 
2025/1/28, 7, 4, 26, 7, 
2025/1/29, 9, 10, 19, 15, 
2025/1/30, 30, 8, 27, 8, 
2025/1/31, 26, 11, 22, 9, 
2025/2/1, 38, 12, 16, 9, 
2025/2/2, 46, 16, 9, 11, 
2025/2/3, 59, 21, 6, 13, 
2025/2/4, 65, 25, 8, 15, 
2025/2/5, 73, 23, 19, 8, 
2025/2/6, 72, 13, 20, 6, 
2025/2/7, 50, 24, 15, 12, 
2025/2/8, 74, 35, 10, 15, 
2025/2/9, 99, 47, 7, 13, 
2025/2/10, 130, 45, 5, 13, 
2025/2/11, 126, 22, 8, 15, 
2025/2/12, 71, 10, 14, 11, 
2025/2/13, 40, 21, 16, 9, 
2025/2/14, 72, 27, 18, 5, 
2025/2/15, 85, 20, 21, 4, 
2025/2/16, 69, 16, 26, 5, 
2025/2/17, 58, 20, 25, 8, 
2025/2/18, 62, 26, 21, 9, 
2025/2/19, 76, 33, 6, 18, 
2025/2/20, 88, 32, 21, 13, 
2025/2/21, 86, 22, 18, 14, 
2025/2/22, 65, 13, 31, 5, 
2025/2/23, 39, 11, 15, 13, 
2025/2/24, 33, 12, 25, 12, 
2025/2/25, 32, 7, 27, 5, 
2025/2/26, 18, 7, 30, 7, 
2025/2/27, 22, 6, 23, 9, 
2025/2/28, 18, 10, 23, 7, 
2025/3/1, 42, 8, 30, 5, 
2025/3/2, 32, 12, 23, 14, 
2025/3/3, 45, 18, 25, 19, 
2025/3/4, 55, 26, 25, 19, 
2025/3/5, 67, 30, 34, 19, 
2025/3/6, 74, 28, 32, 20, 
2025/3/7, 67, 35, 36, 16, 
2025/3/8, 83, 35, 34, 14, 
2025/3/9, 89, 34, 18, 17, 
2025/3/10, 84, 17, 27, 10, 
2025/3/11, 49, 21, 16, 9, 
2025/3/12, 65, 21, 22, 6, 
2025/3/13, 69, 13, 17, 7, 
2025/3/14, 52, 17, 25, 4, 
2025/3/15, 60, 17, 24, 6, 
2025/3/16, 61, 20, 29, 10, 
2025/3/17, 65, 10, 32, 5, 
2025/3/18, 32, 12, 28, 13, 
2025/3/19, 35, 26, 34, 18, 
2025/3/20, 66, 21, 33, 14, 
2025/3/21, 51, 15, 36, 6, 
2025/3/22, 36, 19, 33, 6, 
2025/3/23, 49, 11, 27, 12, 
2025/3/24, 35, 13, 33, 8, 
2025/3/25, 45, 30, 23, 7, 
2025/3/26, 81, 17, 28, 6, 
2025/3/27, 52, 14, 33, 11, 
2025/3/28, 48, 23, 27, 6, 
2025/3/29, 66, 15, 32, 4, 
2025/3/30, 49, 8, 30, 4, 
2025/3/31, 24, 8, 31, 5, 
2024/10/1, 21, 13, 28, 4, 
2024/10/2, 17, 19, 21, 5, 
2024/10/3, 27, 9, 21, 2, 
2024/10/4, 17, 10, 16, 4, 
2024/10/5, 18, 11, 18, 5, 
2024/10/6, 28, 8, 8, 7, 
2024/10/7, 23, 8, 13, 8, 
2024/10/8, 18, 9, 17, 6, 
2024/10/9, 16, 18, 28, 1, 
2024/10/10, 16, 15, 25, 4, 
2024/10/11, 18, 19, 22, 6, 
2024/10/12, 32, 9, 28, 2, 
2024/10/13, 16, 12, 4, 12, 
2024/10/14, 23, 14, 11, 5, 
2024/10/15, 40, 13, 10, 5, 
2024/10/16, 35, 22, 5, 9, 
2024/10/17, 43, 34, 2, 7, 
2024/10/18, 52, 21, 9, 8, 
2024/10/19, 54, 15, 8, 6, 
2024/10/20, 43, 18, 13, 10, 
2024/10/21, 46, 28, 14, 9, 
2024/10/22, 40, 38, 17, 6, 
2024/10/23, 37, 22, 8, 5, 
2024/10/24, 43, 15, 8, 8, 
2024/10/25, 36, 13, 9, 4, 
2024/10/26, 34, 12, 5, 7, 
2024/10/27, 45, 16, 8, 11, 
2024/10/28, 45, 21, 16, 11, 
2024/10/29, 44, 23, 7, 12, 
2024/10/30, 50, 23, 7, 6, 
2024/10/31, 59, 15, 11, 3, 
2024/11/1, 48, 13, 13, 3, 
2024/11/2, 45, 9, 15, 3, 
2024/11/3, 35, 16, 10, 5, 
2024/11/4, 56, 17, 4, 9, 
2024/11/5, 52, 25, 7, 8, 
2024/11/6, 59, 24, 8, 6, 
2024/11/7, 63, 19, 4, 7, 
2024/11/8, 55, 12, 4, 7, 
2024/11/9, 39, 13, 2, 6, 
2024/11/10, 43, 14, 2, 9, 
2024/11/11, 49, 14, 13, 6, 
2024/11/12, 48, 18, 10, 6, 
2024/11/13, 59, 17, 4, 11, 
2024/11/14, 56, 12, 20, 7, 
2024/11/15, 45, 17, 12, 10, 
2024/11/16, 58, 15, 19, 4, 
2024/11/17, 54, 6, 21, 5, 
2024/11/18, 23, 3, 29, 2, 
2024/11/19, 8, 4, 24, 3, 
2024/11/20, 9, 5, 24, 5, 
2024/11/21, 13, 8, 26, 6, 
2024/11/22, 23, 6, 23, 6, 
2024/11/23, 15, 7, 24, 5, 
2024/11/24, 17, 11, 28, 12, 
2024/11/25, 22, 10, 25, 7, 
2024/11/26, 20, 10, 26, 12, 
2024/11/27, 33, 7, 23, 4, 
2024/11/28, 20, 8, 10, 10, 
2024/11/29, 26, 10, 13, 10, 
2024/11/30, 37, 14, 4, 12, 
2024/12/1, 54, 18, 11, 15, 
2024/12/2, 60, 11, 20, 6, 
2024/12/3, 37, 10, 17, 11, 
2024/12/4, 35, 15, 24, 15, 
2024/12/5, 49, 9, 27, 2, 
2024/12/6, 28, 9, 20, 8, 
2024/12/7, 21, 7, 17, 10, 
2024/12/8, 20, 9, 12, 4, 
2024/12/9, 33, 8, 6, 4, 
2024/12/10, 29, 8, 11, 5, 
2024/12/11, 29, 13, 10, 6, 
2024/12/12, 50, 18, 9, 10, 
2024/12/13, 62, 21, 11, 11, 
2024/12/14, 67, 12, 21, 4, 
2024/12/15, 49, 4, 20, 8, 
2024/12/16, 14, 6, 12, 7, 
2024/12/17, 22, 12, 11, 18, 
2024/12/18, 44, 9, 26, 5, 
2024/12/19, 24, 5, 23, 5, 
2024/12/20, 16, 7, 25, 4, 
2024/12/21, 22, 3, 30, 1, 
2024/12/22, 7, 5, 22, 7, 
2024/12/23, 15, 8, 19, 8, 
2024/12/24, 26, 12, 10, 14, 
2024/12/25, 48, 13, 12, 10, 
2024/12/26, 51, 13, 5, 15, 
2024/12/27, 52, 22, 2, 13, 
2024/12/28, 71, 28, 8, 9, 
2024/12/29, 86, , , , 
2024/7/1, 23, 8, 29, 2, 
2024/7/2, 21, 7, 26, 2, 
2024/7/3, 17, 8, 27, 1, 
2024/7/4, 16, 8, 24, 2, 
2024/7/5, 15, 9, 27, 4, 
2024/7/6, 22, 9, 30, 1, 
2024/7/7, 16, 8, 39, 4, 
2024/7/8, 17, 8, 39, 3, 
2024/7/9, 20, 11, 30, 4, 
2024/7/10, 28, 13, 30, 3, 
2024/7/11, 29, 10, 24, 4, 
2024/7/12, 25, 10, 36, 1, 
2024/7/13, 19, 6, 39, 4, 
2024/7/14, 16, 9, 42, 5, 
2024/7/15, 21, 10, 27, 1, 
2024/7/16, 21, 7, 34, 2, 
2024/7/17, 15, 9, 39, 5, 
2024/7/18, 18, 13, 52, 4, 
2024/7/19, 26, 16, 67, 3, 
2024/7/20, 44, 17, 40, 2, 
2024/7/21, 50, 9, 33, 1, 
2024/7/22, 25, 8, 29, 2, 
2024/7/23, 16, 8, 32, 2, 
2024/7/24, 18, 9, 41, 5, 
2024/7/25, 25, 13, 40, 7, 
2024/7/26, 28, 15, 36, 4, 
2024/7/27, 34, 11, 38, 1, 
2024/7/28, 29, 9, 40, 5, 
2024/7/29, 30, 13, 58, 4, 
2024/7/30, 33, 18, 62, 7, 
2024/7/31, 43, 19, 34, 5, 
2024/8/1, 45, 13, 47, 1, 
2024/8/2, 35, 11, 38, 2, 
2024/8/3, 32, 10, 30, 1, 
2024/8/4, 32, 7, 38, 1, 
2024/8/5, 20, 10, 52, 4, 
2024/8/6, 28, 12, 37, 4, 
2024/8/7, 34, 9, 39, 2, 
2024/8/8, 24, 10, 38, 4, 
2024/8/9, 26, 10, 35, 2, 
2024/8/10, 21, 8, 41, 3, 
2024/8/11, 19, 10, 54, 4, 
2024/8/12, 22, 13, 58, 3, 
2024/8/13, 29, 13, 52, 2, 
2024/8/14, 31, 9, 41, 2, 
2024/8/15, 22, 11, 41, 6, 
2024/8/16, 25, 10, 29, 2, 
2024/8/17, 20, 8, 27, 1, 
2024/8/18, 16, 11, 36, 2, 
2024/8/19, 23, 15, 25, 3, 
2024/8/20, 35, 12, 33, 2, 
2024/8/21, 30, 14, 42, 4, 
2024/8/22, 24, 16, 42, 6, 
2024/8/23, 28, 15, 46, 4, 
2024/8/24, 33, 11, 37, 1, 
2024/8/25, 29, 10, 38, 5, 
2024/8/26, 19, 18, 39, 7, 
2024/8/27, 27, 25, 47, 5, 
2024/8/28, 38, 26, 53, 7, 
2024/8/29, 50, 26, 54, 8, 
2024/8/30, 55, 23, 52, 3, 
2024/8/31, 56, 22, 49, 2, 
2024/9/1, 59, 21, 41, 4, 
2024/9/2, 54, 22, 44, 5, 
2024/9/3, 46, 19, 33, 5, 
2024/9/4, 43, 21, 46, 4, 
2024/9/5, 47, 16, 30, 2, 
2024/9/6, 31, 11, 45, 5, 
2024/9/7, 23, 13, 29, 3, 
2024/9/8, 34, 8, 33, 2, 
2024/9/9, 17, 9, 28, 2, 
2024/9/10, 13, 13, 25, 2, 
2024/9/11, 20, 13, 25, 4, 
2024/9/12, 17, 23, 23, 3, 
2024/9/13, 23, 14, 28, 2, 
2024/9/14, 19, 8, 35, 3, 
2024/9/15, 16, 11, 23, 5, 
2024/9/16, 26, 22, 26, 3, 
2024/9/17, 39, 36, 34, 2, 
2024/9/18, 62, 35, 42, 2, 
2024/9/19, 62, 23, 37, 4, 
2024/9/20, 58, 23, 39, 8, 
2024/9/21, 56, 24, 33, 7, 
2024/9/22, 59, 24, 27, 8, 
2024/9/23, 58, 17, 33, 3, 
2024/9/24, 31, 12, 28, 3, 
2024/9/25, 19, 8, 31, 1, 
2024/9/26, 15, 4, 30, 2, 
2024/9/27, 6, 6, 27, 2, 
2024/9/28, 9, 6, 29, 5, 
2024/9/29, 17, 10, 25, 6, 
2024/9/30, 20, 17, 26, 3, 
2024/4/1, 38, 3, 36, 2, 
2024/4/2, 6, 4, 27, 6, 
2024/4/3, 10, 6, 30, 2, 
2024/4/4, 10, 8, 33, 6, 
2024/4/5, 14, 8, 42, 7, 
2024/4/6, 17, 12, 38, 4, 
2024/4/7, 24, 32, 36, 9, 
2024/4/8, 44, 52, 35, 3, 
2024/4/9, 61, 11, 37, 3, 
2024/4/10, 17, 12, 38, 11, 
2024/4/11, 28, 16, 44, 13, 
2024/4/12, 37, 18, 46, 11, 
2024/4/13, 46, 17, 33, 6, 
2024/4/14, 46, 10, 40, 4, 
2024/4/15, 24, 8, 33, 1, 
2024/4/16, 15, 5, 31, 3, 
2024/4/17, 13, 6, 29, 4, 
2024/4/18, 21, 6, 30, 4, 
2024/4/19, 20, 5, 31, 2, 
2024/4/20, 14, 4, 30, 2, 
2024/4/21, 14, 5, 34, 2, 
2024/4/22, 17, 8, 36, 6, 
2024/4/23, 24, 11, 32, 7, 
2024/4/24, 36, 7, 34, 4, 
2024/4/25, 24, 8, 31, 8, 
2024/4/26, 26, 6, 42, 5, 
2024/4/27, 18, 5, 39, 5, 
2024/4/28, 11, 6, 40, 4, 
2024/4/29, 11, 14, 45, 8, 
2024/4/30, 23, 43, 45, 8, 
2024/5/1, 62, 29, 31, 5, 
2024/5/2, 54, 9, 31, 2, 
2024/5/3, 21, 6, 36, 4, 
2024/5/4, 16, 4, 28, 1, 
2024/5/5, 10, 5, 29, 4, 
2024/5/6, 11, 6, 26, 2, 
2024/5/7, 11, 10, 26, 5, 
2024/5/8, 24, 13, 45, 6, 
2024/5/9, 43, 14, 45, 6, 
2024/5/10, 38, 14, 53, 5, 
2024/5/11, 39, 13, 46, 4, 
2024/5/12, 38, 11, 41, 6, 
2024/5/13, 28, 13, 48, 5, 
2024/5/14, 35, 10, 32, 4, 
2024/5/15, 23, 10, 38, 4, 
2024/5/16, 28, 5, 28, 2, 
2024/5/17, 9, 3, 36, 2, 
2024/5/18, 6, 4, 32, 2, 
2024/5/19, 10, 7, 38, 5, 
2024/5/20, 22, 7, 29, 3, 
2024/5/21, 21, 6, 32, 3, 
2024/5/22, 13, 8, 36, 5, 
2024/5/23, 21, 8, 33, 3, 
2024/5/24, 21, 6, 36, 5, 
2024/5/25, 15, 6, 38, 4, 
2024/5/26, 17, 6, 28, 4, 
2024/5/27, 18, 6, 39, 1, 
2024/5/28, 16, 6, 23, 6, 
2024/5/29, 14, 6, 32, 1, 
2024/5/30, 14, 6, 25, 2, 
2024/5/31, 20, 8, 25, 1, 
2024/6/1, 28, 8, 27, 1, 
2024/6/2, 27, 15, 33, 2, 
2024/6/3, 47, 17, 38, 5, 
2024/6/4, 53, 14, 31, 5, 
2024/6/5, 44, 10, 35, 3, 
2024/6/6, 27, 10, 43, 4, 
2024/6/7, 25, 12, 41, 5, 
2024/6/8, 36, 12, 41, 1, 
2024/6/9, 37, 10, 39, 2, 
2024/6/10, 26, 7, 34, 1, 
2024/6/11, 15, 6, 39, 4, 
2024/6/12, 16, 8, 42, 3, 
2024/6/13, 19, 8, 28, 5, 
2024/6/14, 21, 6, 28, 2, 
2024/6/15, 16, 5, 31, 2, 
2024/6/16, 11, 4, 19, 2, 
2024/6/17, 10, 6, 41, 4, 
2024/6/18, 14, 11, 36, 3, 
2024/6/19, 26, 9, 31, 3, 
2024/6/20, 23, 20, 37, 5, 
2024/6/21, 49, 13, 31, 1, 
2024/6/22, 30, 7, 32, 2, 
2024/6/23, 16, 10, 40, 4, 
2024/6/24, 29, 11, 46, 3, 
2024/6/25, 31, 16, 41, 6, 
2024/6/26, 41, 18, 54, 4, 
2024/6/27, 50, 16, 41, 2, 
2024/6/28, 49, 16, 42, 4, 
2024/6/29, 44, 23, 34, 1, 
2024/6/30, 47, 10, 28, 3, 
2024/1/1, 44, 5, 30, 1, 
2024/1/2, 14, 2, 31, 1, 
2024/1/3, 5, 3, 30, 4, 
2024/1/4, 7, 7, 15, 11, 
2024/1/5, 21, 8, 20, 4, 
2024/1/6, 28, 10, 22, 3, 
2024/1/7, 42, 8, 23, 2, 
2024/1/8, 32, 15, 17, 9, 
2024/1/9, 54, 22, 12, 12, 
2024/1/10, 68, 40, 5, 18, 
2024/1/11, 106, 49, 15, 15, 
2024/1/12, 132, 23, 15, 6, 
2024/1/13, 75, 23, 15, 8, 
2024/1/14, 74, 22, 22, 5, 
2024/1/15, 70, 11, 11, 15, 
2024/1/16, 34, 18, 18, 17, 
2024/1/17, 55, 7, 17, 9, 
2024/1/18, 27, 15, 20, 9, 
2024/1/19, 55, 19, 15, 13, 
2024/1/20, 65, 24, 24, 18, 
2024/1/21, 72, 14, 25, 7, 
2024/1/22, 42, 6, 28, 2, 
2024/1/23, 16, 6, 28, 1, 
2024/1/24, 17, 10, 27, 5, 
2024/1/25, 28, 9, 24, 6, 
2024/1/26, 24, 7, 18, 10, 
2024/1/27, 21, 13, 11, 15, 
2024/1/28, 48, 14, 6, 18, 
2024/1/29, 51, 24, 1, 22, 
2024/1/30, 62, 27, 12, 15, 
2024/1/31, 66, 16, 21, 7, 
2024/2/1, 50, 9, 18, 10, 
2024/2/2, 30, 7, 24, 2, 
2024/2/3, 21, 2, 25, , 
2024/2/4, 6, 4, 23, 4, 
2024/2/5, 7, 13, 24, 4, 
2024/2/6, 31, 10, 25, 1, 
2024/2/7, 22, 6, 22, 2, 
2024/2/8, 12, 15, 20, 6, 
2024/2/9, 31, 12, 3, 9, 
2024/2/10, 39, 13, 24, 3, 
2024/2/11, 45, 4, 21, 4, 
2024/2/12, 11, 7, 26, 8, 
2024/2/13, 18, 11, 21, 13, 
2024/2/14, 30, 8, 21, 9, 
2024/2/15, 18, 12, 17, 12, 
2024/2/16, 30, 11, 24, 7, 
2024/2/17, 32, 14, 18, 10, 
2024/2/18, 50, 8, 25, 3, 
2024/2/19, 29, 7, 27, 5, 
2024/2/20, 20, 10, 29, 11, 
2024/2/21, 31, 7, 36, 2, 
2024/2/22, 16, 3, 34, 5, 
2024/2/23, 7, 6, 29, 6, 
2024/2/24, 15, 4, 29, 8, 
2024/2/25, 16, 5, 22, 8, 
2024/2/26, 15, 10, 20, 6, 
2024/2/27, 34, 20, 22, 7, 
2024/2/28, 64, 24, 19, 11, 
2024/2/29, 71, 28, 10, 14, 
2024/3/1, 77, 18, 25, 8, 
2024/3/2, 58, 16, 23, 7, 
2024/3/3, 56, 18, 15, 5, 
2024/3/4, 61, 22, 24, 8, 
2024/3/5, 69, 11, 15, 9, 
2024/3/6, 39, 21, 19, 7, 
2024/3/7, 68, 22, 20, 7, 
2024/3/8, 70, 17, 27, 8, 
2024/3/9, 59, 11, 21, 5, 
2024/3/10, 40, 6, 29, 6, 
2024/3/11, 21, 7, 22, 7, 
2024/3/12, 22, 10, 18, 8, 
2024/3/13, 35, 9, 19, 11, 
2024/3/14, 25, 9, 30, 9, 
2024/3/15, 23, 5, 29, 4, 
2024/3/16, 11, 7, 27, 7, 
2024/3/17, 26, 10, 12, 13, 
2024/3/18, 38, 13, 28, 10, 
2024/3/19, 47, 11, 29, 11, 
2024/3/20, 33, 14, 31, 14, 
2024/3/21, 39, 20, 33, 14, 
2024/3/22, 57, 13, 31, 4, 
2024/3/23, 37, 4, 30, 1, 
2024/3/24, 12, 5, 32, 3, 
2024/3/25, 15, 7, 28, 6, 
2024/3/26, 21, 12, 25, 9, 
2024/3/27, 30, 6, 36, 5, 
2024/3/28, 17, 5, 25, 6, 
2024/3/29, 11, 31, 21, 12, 
2024/3/30, 46, 52, 29, 6, 
2024/3/31, 68, 22, 33, 2, 
2023/10/1, 45, 16, 44, 10, 
2023/10/2, 53, 25, 35, 5, 
2023/10/3, 68, 10, 31, 6, 
2023/10/4, 26, 9, 26, 11, 
2023/10/5, 22, 14, 24, 11, 
2023/10/6, 41, 16, 29, 12, 
2023/10/7, 45, 15, 33, 9, 
2023/10/8, 35, 32, 28, 13, 
2023/10/9, 54, 39, 24, 16, 
2023/10/10, 58, 32, 35, 14, 
2023/10/11, 57, 28, 28, 15, 
2023/10/12, 50, 28, 35, 11, 
2023/10/13, 51, 18, 32, 2, 
2023/10/14, 32, 6, 25, 4, 
2023/10/15, 16, 7, 24, 8, 
2023/10/16, 22, 8, 12, 8, 
2023/10/17, 27, 14, 9, 9, 
2023/10/18, 48, 15, 4, 12, 
2023/10/19, 50, 12, 22, 7, 
2023/10/20, 33, 6, 28, 4, 
2023/10/21, 13, 5, 30, 6, 
2023/10/22, 13, 9, 3, 14, 
2023/10/23, 26, 12, 13, 12, 
2023/10/24, 36, 9, 27, 8, 
2023/10/25, 26, 5, 22, 9, 
2023/10/26, 11, 6, 24, 5, 
2023/10/27, 14, 5, 27, 3, 
2023/10/28, 10, 7, 24, 5, 
2023/10/29, 18, 5, 18, 8, 
2023/10/30, 12, 6, 25, 3, 
2023/10/31, 13, 5, 27, 3, 
2023/11/1, 12, 4, 26, 6, 
2023/11/2, 10, 4, 21, 8, 
2023/11/3, 10, 5, 27, 4, 
2023/11/4, 13, 3, 28, 1, 
2023/11/5, 6, 3, 23, 3, 
2023/11/6, 7, 4, 21, 5, 
2023/11/7, 7, 4, 24, 7, 
2023/11/8, 11, 8, 25, 8, 
2023/11/9, 21, 4, 24, 3, 
2023/11/10, 9, 4, 25, 3, 
2023/11/11, 11, 5, 17, 7, 
2023/11/12, 20, 7, 27, 8, 
2023/11/13, 21, 6, 30, 4, 
2023/11/14, 15, 5, 28, 2, 
2023/11/15, 11, 6, 15, 8, 
2023/11/16, 16, 6, 20, 6, 
2023/11/17, 18, 5, 15, 7, 
2023/11/18, 20, 5, 27, 2, 
2023/11/19, 15, 6, 27, 5, 
2023/11/20, 16, 5, 16, 8, 
2023/11/21, 13, 7, 15, 4, 
2023/11/22, 22, 13, 26, 9, 
2023/11/23, 39, 6, 25, 2, 
2023/11/24, 17, 4, 24, 2, 
2023/11/25, 14, 5, 18, 4, 
2023/11/26, 17, 6, 23, 8, 
2023/11/27, 23, 4, 18, 5, 
2023/11/28, 11, 8, 16, 11, 
2023/11/29, 29, 12, 6, 17, 
2023/11/30, 39, 18, 4, 13, 
2023/12/1, 59, 15, 13, 5, 
2023/12/2, 57, 13, 12, 10, 
2023/12/3, 51, 17, 7, 19, 
2023/12/4, 61, 13, 20, 7, 
2023/12/5, 46, 5, 15, 7, 
2023/12/6, 15, 11, 12, 12, 
2023/12/7, 43, 14, 8, 18, 
2023/12/8, 51, 12, 24, 10, 
2023/12/9, 46, 8, 30, 1, 
2023/12/10, 25, 6, 27, 3, 
2023/12/11, 16, 8, 21, 13, 
2023/12/12, 21, 5, 20, 9, 
2023/12/13, 14, 6, 16, 7, 
2023/12/14, 19, 8, 14, 8, 
2023/12/15, 29, 10, 10, 13, 
2023/12/16, 39, 16, 3, 12, 
2023/12/17, 57, 21, 1, 16, 
2023/12/18, 67, 25, 6, 14, 
2023/12/19, 72, 10, 23, 4, 
2023/12/20, 36, 3, 29, 1, 
2023/12/21, 8, 3, 28, , 
2023/12/22, 8, 2, 28, , 
2023/12/23, 8, 2, 28, , 
2023/12/24, 4, 2, 26, 2, 
2023/12/25, 6, 3, 26, 1, 
2023/12/26, 11, 5, 12, 11, 
2023/12/27, 17, 8, 22, 9, 
2023/12/28, 26, 4, 24, 2, 
2023/12/29, 16, 4, 23, 5, 
2023/12/30, 13, 7, 28, 5, 
2023/12/31, 26, 12, 26, 2, 
2023/7/1, 44, 9, 38, 1, 
2023/7/2, 25, 18, 32, 2, 
2023/7/3, 55, 10, 36, 3, 
2023/7/4, 26, 10, 32, 4, 
2023/7/5, 25, 9, 41, 6, 
2023/7/6, 19, 11, 49, 7, 
2023/7/7, 27, 14, 48, 5, 
2023/7/8, 36, 12, 47, 5, 
2023/7/9, 33, 16, 44, 5, 
2023/7/10, 43, 17, 50, 5, 
2023/7/11, 42, 16, 31, 2, 
2023/7/12, 39, 10, 40, 3, 
2023/7/13, 20, 11, 48, 5, 
2023/7/14, 21, 13, 47, 4, 
2023/7/15, 29, 12, 31, 1, 
2023/7/16, 25, 9, 37, 4, 
2023/7/17, 23, 11, 41, 5, 
2023/7/18, 23, 13, 42, 4, 
2023/7/19, 29, 11, 39, 2, 
2023/7/20, 20, 9, 36, 7, 
2023/7/21, 17, 8, 37, 3, 
2023/7/22, 18, 8, 31, 2, 
2023/7/23, 19, 10, 27, 6, 
2023/7/24, 29, 9, 26, 4, 
2023/7/25, 22, 8, 29, 3, 
2023/7/26, 21, 8, 19, 6, 
2023/7/27, 21, 7, 17, 5, 
2023/7/28, 17, 7, 24, 3, 
2023/7/29, 16, 5, 28, 1, 
2023/7/30, 12, 6, 29, 3, 
2023/7/31, 15, 8, 31, 2, 
2023/8/1, 19, 6, 25, 2, 
2023/8/2, 14, 6, 26, 1, 
2023/8/3, 12, 4, 26, 3, 
2023/8/4, 9, 6, 37, 2, 
2023/8/5, 17, 6, 29, 1, 
2023/8/6, 15, 4, 30, 1, 
2023/8/7, 9, 5, 30, 2, 
2023/8/8, 12, 6, 25, 3, 
2023/8/9, 14, 7, 41, 4, 
2023/8/10, 17, 9, 49, 6, 
2023/8/11, 25, 14, 37, 7, 
2023/8/12, 36, 11, 23, 3, 
2023/8/13, 32, 9, 36, 5, 
2023/8/14, 26, 15, 37, 5, 
2023/8/15, 41, 14, 38, 5, 
2023/8/16, 36, 14, 33, 4, 
2023/8/17, 38, 14, 45, 3, 
2023/8/18, 41, 13, 50, 4, 
2023/8/19, 31, 20, 53, 4, 
2023/8/20, 53, 19, 41, 6, 
2023/8/21, 50, 18, 42, 5, 
2023/8/22, 45, 17, 56, 5, 
2023/8/23, 42, 21, 50, 5, 
2023/8/24, 51, 16, 30, 4, 
2023/8/25, 38, 12, 23, 2, 
2023/8/26, 31, 10, 22, 3, 
2023/8/27, 25, 8, 24, 4, 
2023/8/28, 16, 8, 24, 4, 
2023/8/29, 20, 10, 26, 6, 
2023/8/30, 31, 7, 30, 3, 
2023/8/31, 21, 7, 20, 3, 
2023/9/1, 18, 6, 32, 6, 
2023/9/2, 15, 9, 33, 6, 
2023/9/3, 26, 7, 39, 3, 
2023/9/4, 22, 9, 35, 3, 
2023/9/5, 24, 10, 42, 5, 
2023/9/6, 25, 14, 44, 6, 
2023/9/7, 35, 16, 54, 7, 
2023/9/8, 44, 22, 57, 7, 
2023/9/9, 57, 26, 58, 9, 
2023/9/10, 62, 22, 59, 10, 
2023/9/11, 57, 29, 63, 7, 
2023/9/12, 60, 18, 32, 3, 
2023/9/13, 42, 9, 31, 5, 
2023/9/14, 25, 10, 35, 9, 
2023/9/15, 26, 13, 39, 5, 
2023/9/16, 42, 12, 37, 5, 
2023/9/17, 35, 12, 26, 5, 
2023/9/18, 27, 7, 28, 4, 
2023/9/19, 13, 6, 37, 8, 
2023/9/20, 13, 10, 34, 8, 
2023/9/21, 21, 8, 25, 3, 
2023/9/22, 14, 4, 29, 3, 
2023/9/23, 8, 5, 32, 4, 
2023/9/24, 13, 6, 34, 7, 
2023/9/25, 18, 10, 36, 9, 
2023/9/26, 29, 13, 39, 11, 
2023/9/27, 36, 14, 38, 12, 
2023/9/28, 37, 16, 35, 10, 
2023/9/29, 37, 12, 32, 4, 
2023/9/30, 34, 13, 37, 8, 
2023/4/1, 8, 2, 28, 2, 
2023/4/2, 5, 4, 31, 2, 
2023/4/3, 14, 7, 34, 3, 
2023/4/4, 20, 12, 36, 8, 
2023/4/5, 40, 20, 37, 14, 
2023/4/6, 59, 14, 31, 4, 
2023/4/7, 46, 10, 29, 4, 
2023/4/8, 39, 13, 32, 4, 
2023/4/9, 50, 9, 37, 4, 
2023/4/10, 37, 6, 34, 3, 
2023/4/11, 18, 7, 30, 5, 
2023/4/12, 17, 4, 31, 4, 
2023/4/13, 9, 6, 38, 6, 
2023/4/14, 16, 9, 33, 11, 
2023/4/15, 28, 8, 21, 3, 
2023/4/16, 30, 12, 19, 5, 
2023/4/17, 45, 12, 26, 3, 
2023/4/18, 41, 13, 37, 3, 
2023/4/19, 47, 12, 26, 7, 
2023/4/20, 38, 13, 30, 7, 
2023/4/21, 49, 11, 37, 9, 
2023/4/22, 36, 8, 38, 2, 
2023/4/23, 22, 4, 37, 2, 
2023/4/24, 10, 6, 29, 4, 
2023/4/25, 19, 11, 38, 5, 
2023/4/26, 36, 13, 41, 9, 
2023/4/27, 40, 12, 19, 9, 
2023/4/28, 34, 7, 25, 3, 
2023/4/29, 18, 9, 35, 3, 
2023/4/30, 30, 12, 29, 6, 
2023/5/1, 43, 12, 36, 4, 
2023/5/2, 42, 12, 36, 3, 
2023/5/3, 38, 12, 43, 4, 
2023/5/4, 34, 15, 35, 7, 
2023/5/5, 40, 9, 37, 2, 
2023/5/6, 22, 7, 32, 3, 
2023/5/7, 20, 9, 12, 5, 
2023/5/8, 27, 17, 29, 4, 
2023/5/9, 54, 9, 29, 2, 
2023/5/10, 24, 6, 27, 2, 
2023/5/11, 10, 6, 23, 2, 
2023/5/12, 19, 7, 22, 3, 
2023/5/13, 21, 10, 28, 5, 
2023/5/14, 33, 9, 38, 3, 
2023/5/15, 29, 14, 26, 3, 
2023/5/16, 45, 11, 30, 5, 
2023/5/17, 28, 11, 37, 4, 
2023/5/18, 32, 12, 29, 4, 
2023/5/19, 30, 12, 33, 5, 
2023/5/20, 34, 17, 38, 4, 
2023/5/21, 51, 18, 48, 7, 
2023/5/22, 55, 23, 39, 3, 
2023/5/23, 64, 15, 30, 3, 
2023/5/24, 41, 14, 37, 3, 
2023/5/25, 35, 15, 41, 4, 
2023/5/26, 41, 15, 45, 2, 
2023/5/27, 40, 14, 44, 4, 
2023/5/28, 38, 12, 45, 3, 
2023/5/29, 35, 12, 41, 2, 
2023/5/30, 29, 12, 49, 2, 
2023/5/31, 23, 14, 53, 5, 
2023/6/1, 27, 14, 38, 3, 
2023/6/2, 32, 16, 41, 2, 
2023/6/3, 39, 14, 43, 2, 
2023/6/4, 35, 11, 45, 4, 
2023/6/5, 22, 12, 46, 2, 
2023/6/6, 28, 12, 46, 3, 
2023/6/7, 33, 12, 44, 5, 
2023/6/8, 33, 13, 46, 3, 
2023/6/9, 41, 13, 47, 1, 
2023/6/10, 42, 11, 48, 1, 
2023/6/11, 35, 14, 44, 2, 
2023/6/12, 42, 15, 49, 1, 
2023/6/13, 37, 17, 45, 5, 
2023/6/14, 40, 17, 46, 3, 
2023/6/15, 43, 15, 53, 6, 
2023/6/16, 40, 18, 61, 5, 
2023/6/17, 47, 19, 60, 4, 
2023/6/18, 54, 15, 46, 2, 
2023/6/19, 44, 14, 48, 3, 
2023/6/20, 37, 19, 43, 4, 
2023/6/21, 49, 15, 48, 3, 
2023/6/22, 39, 17, 43, 1, 
2023/6/23, 41, 11, 46, 3, 
2023/6/24, 34, 9, 51, 3, 
2023/6/25, 29, 14, 47, 4, 
2023/6/26, 42, 14, 45, 3, 
2023/6/27, 28, 11, 46, 3, 
2023/6/28, 23, 14, 52, 5, 
2023/6/29, 34, 18, 30, 6, 
2023/6/30, 49, 15, 31, 1, 
2023/1/2, 31, 8, 25, 14, 
2023/1/3, 19, 9, 25, 6, 
2023/1/4, 30, 3, 25, 3, 
2023/1/5, 10, 5, 24, 4, 
2023/1/6, 16, 5, 18, 7, 
2023/1/7, 17, 8, 27, 5, 
2023/1/8, 29, 4, 26, 4, 
2023/1/9, 15, 4, 23, 4, 
2023/1/10, 11, 5, 25, 4, 
2023/1/11, 13, 5, 27, 2, 
2023/1/12, 13, 3, 29, 2, 
2023/1/13, 9, 4, 28, 4, 
2023/1/14, 13, 2, 31, 1, 
2023/1/15, 7, 3, 26, 5, 
2023/1/16, 9, 3, 22, 7, 
2023/1/17, 9, 7, 15, 8, 
2023/1/18, 28, 11, 13, 15, 
2023/1/19, 44, 16, 14, 18, 
2023/1/20, 55, 17, 16, 10, 
2023/1/21, 58, 13, 13, 7, 
2023/1/22, 53, 11, 14, 7, 
2023/1/23, 45, 13, 12, 6, 
2023/1/24, 53, 14, 11, 5, 
2023/1/25, 53, 15, 10, 9, 
2023/1/26, 56, 14, 8, 9, 
2023/1/27, 55, 11, 18, 7, 
2023/1/28, 41, 11, 18, 8, 
2023/1/29, 41, 14, 20, 7, 
2023/1/30, 50, 10, 22, 6, 
2023/1/31, 33, 9, 28, 2, 
2023/2/1, 25, 9, 27, 2, 
2023/2/2, 25, 5, 26, 2, 
2023/2/3, 15, 5, 24, 5, 
2023/2/4, 16, 12, 12, 11, 
2023/2/5, 45, 13, 19, 7, 
2023/2/6, 53, 13, 19, 8, 
2023/2/7, 49, 19, 24, 12, 
2023/2/8, 60, 25, 11, 19, 
2023/2/9, 71, 39, 14, 22, 
2023/2/10, 99, 37, 25, 17, 
2023/2/11, 95, 29, 21, 13, 
2023/2/12, 84, 17, 12, 12, 
2023/2/13, 61, 17, 6, 12, 
2023/2/14, 59, 23, 2, 15, 
2023/2/15, 70, 32, 22, 18, 
2023/2/16, 83, 17, 25, 4, 
2023/2/17, 43, 6, 23, 2, 
2023/2/18, 14, 4, 26, 1, 
2023/2/19, 12, 6, 28, 8, 
2023/2/20, 20, 12, 19, 20, 
2023/2/21, 33, 19, 17, 16, 
2023/2/22, 53, 25, 18, 14, 
2023/2/23, 68, 24, 25, 8, 
2023/2/24, 67, 16, 29, 3, 
2023/2/25, 46, 5, 26, 3, 
2023/2/26, 16, 4, 26, 2, 
2023/2/27, 14, 9, 25, 4, 
2023/2/28, 31, 20, 26, 10, 
2023/3/1, 64, 29, 23, 11, 
2023/3/2, 79, 35, 20, 14, 
2023/3/3, 91, 34, 19, 11, 
2023/3/4, 90, 24, 22, 8, 
2023/3/5, 72, 18, 25, 8, 
2023/3/6, 60, 13, 30, 4, 
2023/3/7, 49, 12, 26, 5, 
2023/3/8, 39, 6, 32, 3, 
2023/3/9, 16, 5, 29, 3, 
2023/3/10, 12, 4, 32, 5, 
2023/3/11, 10, 10, 26, 11, 
2023/3/12, 34, 7, 27, 5, 
2023/3/13, 23, 4, 31, 2, 
2023/3/14, 8, 5, 28, 8, 
2023/3/15, 13, 10, 26, 9, 
2023/3/16, 37, 10, 22, 13, 
2023/3/17, 33, 12, 36, 12, 
2023/3/18, 28, 11, 32, 8, 
2023/3/19, 31, 6, 27, 6, 
2023/3/20, 21, 9, 27, 10, 
2023/3/21, 27, 11, 32, 12, 
2023/3/22, 28, 7, 29, 4, 
2023/3/23, 16, 7, 28, 4, 
2023/3/24, 17, 4, 32, 1, 
2023/3/25, 9, 4, 33, 3, 
2023/3/26, 10, 4, 31, 2, 
2023/3/27, 11, 6, 33, 6, 
2023/3/28, 18, 9, 27, 10, 
2023/3/29, 22, 15, 31, 4, 
2023/3/30, 30, 9, 33, 2, 
2023/3/31, 21, 3, 28, 1, 
2022/10/1, 31, 5, 23, 2, 
2022/10/2, 12, 7, 24, 3, 
2022/10/3, 23, 11, 18, 8, 
2022/10/4, 34, 12, 24, 9, 
2022/10/5, 33, 11, 26, 6, 
2022/10/6, 26, 14, 21, 11, 
2022/10/7, 30, 18, 29, 6, 
2022/10/8, 47, 11, 26, 7, 
2022/10/9, 32, 12, 25, 9, 
2022/10/10, 33, 22, 14, 7, 
2022/10/11, 49, 24, 15, 9, 
2022/10/12, 57, 23, 10, 11, 
2022/10/13, 58, 19, 16, 7, 
2022/10/14, 49, 7, 13, 2, 
2022/10/15, 16, 6, 16, 4, 
2022/10/16, 11, 13, 21, 10, 
2022/10/17, 23, 18, 20, 10, 
2022/10/18, 35, 13, 19, 7, 
2022/10/19, 32, 13, 8, 7, 
2022/10/20, 35, 17, 16, 8, 
2022/10/21, 45, 8, 24, 4, 
2022/10/22, 17, 10, 14, 8, 
2022/10/23, 21, 13, 24, 3, 
2022/10/24, 26, 8, 19, 7, 
2022/10/25, 17, 11, 19, 12, 
2022/10/26, 25, 17, 13, 13, 
2022/10/27, 39, 21, 5, 15, 
2022/10/28, 45, 26, 13, 13, 
2022/10/29, 52, 27, 11, , 
2022/10/30, 57, 22, 4, , 
2022/10/31, 54, 21, 25, , 
2022/11/1, 53, 9, 22, 13, 
2022/11/2, 25, 13, 15, 15, 
2022/11/3, 38, 10, 21, 9, 
2022/11/4, 27, 7, 16, 7, 
2022/11/5, 23, 11, 15, 9, 
2022/11/6, 44, 6, 20, 9, 
2022/11/7, 21, 10, 6, 17, 
2022/11/8, 29, 12, 22, 13, 
2022/11/9, 34, 9, 18, 10, 
2022/11/10, 23, 13, 5, 14, 
2022/11/11, 40, 16, 2, 8, 
2022/11/12, 52, 15, 4, 9, 
2022/11/13, 56, 14, 11, 10, 
2022/11/14, 52, 10, 7, 16, 
2022/11/15, 32, 11, 17, 14, 
2022/11/16, 33, 8, 25, 9, 
2022/11/17, 23, 5, 21, 6, 
2022/11/18, 12, 4, 16, 6, 
2022/11/19, 14, 6, 24, 5, 
2022/11/20, 21, 4, 21, 8, 
2022/11/21, 13, 7, 20, 10, 
2022/11/22, 21, 7, 24, 9, 
2022/11/23, 18, 7, 22, 11, 
2022/11/24, 19, 12, 14, 15, 
2022/11/25, 38, 12, 13, 10, 
2022/11/26, 40, 15, 7, 12, 
2022/11/27, 54, 12, 1, 15, 
2022/11/28, 47, 14, 4, 12, 
2022/11/29, 50, 15, 15, 8, 
2022/11/30, 55, 16, 11, 8, 
2022/12/1, 58, 18, 2, 9, 
2022/12/2, 60, 13, 6, 7, 
2022/12/3, 52, 16, 5, 6, 
2022/12/4, 59, 15, , 10, 
2022/12/5, 56, 13, 1, 10, 
2022/12/6, 49, 10, 12, 9, 
2022/12/7, 37, 13, 5, 16, 
2022/12/8, 46, 18, 1, 16, 
2022/12/9, 56, 23, 8, 11, 
2022/12/10, 70, 21, 9, 11, 
2022/12/11, 69, 24, 4, 17, 
2022/12/12, 77, 24, 11, 14, 
2022/12/13, 75, 21, 8, 13, 
2022/12/14, 67, 26, 5, 15, 
2022/12/15, 81, 25, 6, 18, 
2022/12/16, 77, 25, 5, 23, 
2022/12/17, 75, 35, 6, 20, 
2022/12/18, 104, 27, 3, 20, 
2022/12/19, 85, 19, 1, 21, 
2022/12/20, 65, 11, 19, 13, 
2022/12/21, 40, 5, 24, 4, 
2022/12/22, 14, 4, 26, 5, 
2022/12/23, 11, 6, 24, 7, 
2022/12/24, 16, 8, 17, 6, 
2022/12/25, 27, 5, 26, 4, 
2022/12/26, 16, 4, 22, 8, 
2022/12/27, 12, 7, 20, 7, 
2022/12/28, 22, 5, 28, 3, 
2022/12/29, 15, 3, 20, 6, 
2022/12/30, 9, 3, 22, 2, 
2022/12/31, 8, 13, 18, 6, 
2023/1/1, 46, 11, 28, 8, 
2022/7/1, 25, 6, 40, 3, 
2022/7/2, 14, 7, 42, 3, 
2022/7/3, 16, 9, 47, 4, 
2022/7/4, 19, 14, 58, 7, 
2022/7/5, 25, 16, 46, 3, 
2022/7/6, 27, 15, 30, 3, 
2022/7/7, 27, 11, 38, 2, 
2022/7/8, 20, 11, 40, 5, 
2022/7/9, 25, 9, 29, 2, 
2022/7/10, 25, 6, 33, 2, 
2022/7/11, 16, 8, 36, 3, 
2022/7/12, 16, 9, 49, 8, 
2022/7/13, 15, 16, 66, 7, 
2022/7/14, 22, 18, 49, 4, 
2022/7/15, 30, 13, 46, 4, 
2022/7/16, 27, 13, 48, 5, 
2022/7/17, 32, 12, 59, 7, 
2022/7/18, 25, 17, 56, 4, 
2022/7/19, 32, 24, 76, 6, 
2022/7/20, 43, 36, 43, 4, 
2022/7/21, 62, 31, 61, 6, 
2022/7/22, 54, 27, 60, 3, 
2022/7/23, 52, 22, 62, 4, 
2022/7/24, 56, 19, 37, 7, 
2022/7/25, 55, , , , 
2022/7/28, 31, 16, 48, 4, 
2022/7/29, 40, 15, 55, 3, 
2022/7/30, 39, 14, 48, 4, 
2022/7/31, 35, 12, 32, 1, 
2022/8/1, 24, 12, 45, 3, 
2022/8/2, 20, 14, 48, 5, 
2022/8/3, 26, 13, 72, 5, 
2022/8/4, 24, 20, 62, 5, 
2022/8/5, 36, 13, 39, 1, 
2022/8/6, 25, 8, 42, 2, 
2022/8/7, 15, 7, 47, 4, 
2022/8/8, 16, 13, 47, 4, 
2022/8/9, 23, 13, 44, 3, 
2022/8/10, 26, 14, 48, 2, 
2022/8/11, 28, 12, 44, 2, 
2022/8/12, 25, 12, 45, 3, 
2022/8/13, 22, 12, 53, 3, 
2022/8/14, 30, 13, 46, 2, 
2022/8/15, 30, 13, 52, 4, 
2022/8/16, 28, 18, 38, 9, 
2022/8/17, 44, 17, 54, 4, 
2022/8/18, 46, 19, 37, 5, 
2022/8/19, 56, 13, 33, 1, 
2022/8/20, 40, 8, 46, 3, 
2022/8/21, 20, 11, 47, 7, 
2022/8/22, 30, 11, 54, 4, 
2022/8/23, 29, 14, 44, 5, 
2022/8/24, 35, 11, 45, 4, 
2022/8/25, 27, 16, 53, 7, 
2022/8/26, 41, 21, 26, 5, 
2022/8/27, 56, 19, 39, 3, 
2022/8/28, 56, 15, 45, 7, 
2022/8/29, 41, 15, 48, 6, 
2022/8/30, 37, 15, 33, 5, 
2022/8/31, 38, 16, 35, 3, 
2022/9/1, 47, 10, 38, 4, 
2022/9/2, 31, 9, 29, , 
2022/9/3, 20, 7, 37, , 
2022/9/4, 20, 8, 46, , 
2022/9/5, 20, 13, 34, 5, 
2022/9/6, 31, 14, 39, 4, 
2022/9/7, 32, 10, 30, 3, 
2022/9/8, 19, 6, 28, 4, 
2022/9/9, 13, 5, 24, 2, 
2022/9/10, 9, 5, 32, 2, 
2022/9/11, 15, 9, 39, 5, 
2022/9/12, 32, 9, 41, 8, 
2022/9/13, 23, 10, 23, 5, 
2022/9/14, 22, 8, 23, 4, 
2022/9/15, 18, 9, 26, 4, 
2022/9/16, 22, 6, 23, 1, 
2022/9/17, 14, 5, 25, 1, 
2022/9/18, 12, 5, 22, 3, 
2022/9/19, 11, 7, 27, 5, 
2022/9/20, 18, 9, 29, 7, 
2022/9/21, 26, 7, 30, 7, 
2022/9/22, 21, 10, 30, 10, 
2022/9/23, 27, 18, 17, 13, 
2022/9/24, 53, 14, 27, 3, 
2022/9/25, 47, 9, 26, 4, 
2022/9/26, 31, 4, 26, 2, 
2022/9/27, 11, 4, 25, 4, 
2022/9/28, 9, 8, 17, 9, 
2022/9/29, 22, 12, 21, 10, 
2022/9/30, 37, 10, 22, 5, 
2022/4/1, 43, 11, 29, 4, 
2022/4/2, 44, 12, 30, 5, 
2022/4/3, 44, 12, 37, 9, 
2022/4/4, 44, 14, 32, 8, 
2022/4/5, 46, 8, 24, 4, 
2022/4/6, 25, 5, 31, 2, 
2022/4/7, 11, 6, 31, 6, 
2022/4/8, 11, 5, 34, 4, 
2022/4/9, 17, 7, 33, 4, 
2022/4/10, 25, 9, 38, 9, 
2022/4/11, 34, 11, 35, 9, 
2022/4/12, 34, 15, 41, 12, 
2022/4/13, 34, 25, 39, 7, 
2022/4/14, 53, 18, 41, 5, 
2022/4/15, 52, 8, 38, 4, 
2022/4/16, 27, 7, 38, 3, 
2022/4/17, 23, 7, 41, 4, 
2022/4/18, 22, 10, 45, 8, 
2022/4/19, 27, 12, 43, 3, 
2022/4/20, 29, 15, 37, 3, 
2022/4/21, 42, 16, 43, 4, 
2022/4/22, 47, 20, 32, 3, 
2022/4/23, 57, 13, 32, 3, 
2022/4/24, 47, 12, 32, 6, 
2022/4/25, 46, 16, 38, 5, 
2022/4/26, 56, 10, 36, 3, 
2022/4/27, 35, 13, 46, 7, 
2022/4/28, 42, 15, 46, 9, 
2022/4/29, 45, 17, 27, 5, 
2022/4/30, 54, 18, 35, 3, 
2022/5/1, 61, 18, 40, 7, 
2022/5/2, 59, 19, 39, 9, 
2022/5/3, 57, 15, 41, 9, 
2022/5/4, 47, 18, 24, 7, 
2022/5/5, 56, 22, 36, 6, 
2022/5/6, 62, 16, 42, 8, 
2022/5/7, 45, 18, 40, 6, 
2022/5/8, 54, 16, 45, 6, 
2022/5/9, 53, 19, 52, 8, 
2022/5/10, 56, 18, 48, 6, 
2022/5/11, 50, 14, 37, 2, 
2022/5/12, 29, 13, 41, 3, 
2022/5/13, 31, 11, 45, 6, 
2022/5/14, 24, 12, 50, 7, 
2022/5/15, 30, 12, 38, 5, 
2022/5/16, 28, 13, 42, 4, 
2022/5/17, 29, 12, 47, 4, 
2022/5/18, 28, 12, 59, 4, 
2022/5/19, 30, 17, 48, 4, 
2022/5/20, 39, 15, 39, 1, 
2022/5/21, 34, 8, 46, 3, 
2022/5/22, 23, 9, 35, 5, 
2022/5/23, 23, 9, 35, 2, 
2022/5/24, 20, 6, 40, 2, 
2022/5/25, 9, 6, 35, 1, 
2022/5/26, 10, 6, 27, 2, 
2022/5/27, 14, 7, 36, 2, 
2022/5/28, 18, 7, 38, 2, 
2022/5/29, 19, 7, 44, 5, 
2022/5/30, 19, 9, 45, 6, 
2022/5/31, 21, 12, 46, 6, 
2022/6/1, 27, 11, 44, 3, 
2022/6/2, 21, 12, 46, 7, 
2022/6/3, 29, 19, 41, 6, 
2022/6/4, 55, 15, 32, 2, 
2022/6/5, 47, 8, 33, 1, 
2022/6/6, 21, 6, 33, 3, 
2022/6/7, 16, 6, 33, 3, 
2022/6/8, 13, 6, 30, 1, 
2022/6/9, 13, 8, 47, 4, 
2022/6/10, 18, 10, 53, 4, 
2022/6/11, 27, 12, 48, 5, 
2022/6/12, 37, 10, 44, 2, 
2022/6/13, 27, 12, 52, 4, 
2022/6/14, 30, 13, 75, 5, 
2022/6/15, 35, 15, 73, 6, 
2022/6/16, 42, 12, 45, 3, 
2022/6/17, 31, 12, 54, 4, 
2022/6/18, 27, 33, 64, 3, 
2022/6/19, 55, 31, 43, 4, 
2022/6/20, 58, 13, 49, 2, 
2022/6/21, 30, 17, 33, 7, 
2022/6/22, 44, 21, 44, 4, 
2022/6/23, 54, 15, 37, 2, 
2022/6/24, 32, 8, 39, 3, 
2022/6/25, 17, 6, 46, 2, 
2022/6/26, 15, 6, 29, 2, 
2022/6/27, 14, 8, 38, 2, 
2022/6/28, 16, 11, 47, 5, 
2022/6/29, 28, 15, 50, 6, 
2022/6/30, 43, 10, 27, 2, 
2022/1/3, 23, 4, 33, 3, 
2022/1/4, 11, 3, 30, 3, 
2022/1/5, 9, 7, 21, 8, 
2022/1/6, 24, 12, 21, 11, 
2022/1/7, 48, 6, 31, 4, 
2022/1/8, 21, 4, 33, 4, 
2022/1/9, 13, 9, 15, 15, 
2022/1/10, 33, 21, 23, 11, 
2022/1/11, 67, 14, 17, 13, 
2022/1/12, 52, 22, 12, 18, 
2022/1/13, 70, 27, 3, 23, 
2022/1/14, 79, 35, 3, 17, 
2022/1/15, 95, 26, 12, 13, 
2022/1/16, 82, 18, 17, 7, 
2022/1/17, 66, 12, 25, 7, 
2022/1/18, 51, 11, 22, 10, 
2022/1/19, 44, 9, 27, 5, 
2022/1/20, 33, 8, 26, 7, 
2022/1/21, 26, 12, 23, 5, 
2022/1/22, 41, 14, 26, 5, 
2022/1/23, 54, 11, 21, 12, 
2022/1/24, 40, 22, 3, 17, 
2022/1/25, 63, 29, 11, 13, 
2022/1/26, 88, 18, 23, 10, 
2022/1/27, 63, 11, 23, 6, 
2022/1/28, 43, 12, 25, 7, 
2022/1/29, 45, 5, 31, 4, 
2022/1/30, 18, 9, 31, 5, 
2022/1/31, 28, 5, 30, 3, 
2022/2/1, 17, 6, 29, 4, 
2022/2/2, 18, 8, 14, 12, 
2022/2/3, 27, 8, 29, 5, 
2022/2/4, 24, 5, 34, 4, 
2022/2/5, 13, 5, 34, 2, 
2022/2/6, 17, 3, 36, 4, 
2022/2/7, 9, 7, 29, 6, 
2022/2/8, 20, 7, 21, 14, 
2022/2/9, 20, 14, 30, 13, 
2022/2/10, 42, 9, 27, 7, 
2022/2/11, 32, 11, 22, 14, 
2022/2/12, 41, 15, 32, 12, 
2022/2/13, 52, 13, 25, 10, 
2022/2/14, 37, 7, 27, 7, 
2022/2/15, 18, 5, 28, 3, 
2022/2/16, 12, 4, 35, 1, 
2022/2/17, 9, 11, 34, 4, 
2022/2/18, 29, 8, 33, 2, 
2022/2/19, 16, 5, 29, 1, 
2022/2/20, 13, 4, 33, 1, 
2022/2/21, 9, 6, 27, 3, 
2022/2/22, 18, 7, 30, 11, 
2022/2/23, 20, 12, 32, 10, 
2022/2/24, 30, 8, 29, 5, 
2022/2/25, 18, 9, 30, 4, 
2022/2/26, 26, 10, 32, 4, 
2022/2/27, 32, 12, 31, 10, 
2022/2/28, 45, 17, 29, 10, 
2022/3/1, 56, 25, 10, 20, 
2022/3/2, 65, 35, 21, 16, 
2022/3/3, 80, 29, 32, 11, 
2022/3/4, 77, 19, 31, 7, 
2022/3/5, 62, 15, 31, 5, 
2022/3/6, 56, 17, 33, 5, 
2022/3/7, 60, 22, 32, 11, 
2022/3/8, 66, 22, 29, 19, 
2022/3/9, 58, 39, 36, 17, 
2022/3/10, 79, 21, 30, 6, 
2022/3/11, 58, 24, 35, 8, 
2022/3/12, 61, 29, 39, 11, 
2022/3/13, 73, 19, 34, 7, 
2022/3/14, 55, 13, 9, 18, 
2022/3/15, 34, 20, 23, 10, 
2022/3/16, 60, 29, 23, 11, 
2022/3/17, 79, 28, 26, 5, 
2022/3/18, 76, 31, 33, 3, 
2022/3/19, 89, 27, 36, 6, 
2022/3/20, 77, 25, 34, 9, 
2022/3/21, 70, 29, 31, 15, 
2022/3/22, 71, 35, 34, 18, 
2022/3/23, 79, 37, 44, 18, 
2022/3/24, 81, 39, 49, 16, 
2022/3/25, 85, 44, 45, 8, 
2022/3/26, 96, 37, 42, 11, 
2022/3/27, 77, 29, 44, 14, 
2022/3/28, 64, 34, 39, 17, 
2022/3/29, 68, 39, 25, 11, 
2022/3/30, 81, 24, 16, 6, 
2022/3/31, 68, 11, 21, 6, 
2021/10/1, 18, 11, 33, 8, 
2021/10/2, 28, 9, 29, 7, 
2021/10/3, 28, 5, 22, 5, 
2021/10/4, 14, 7, 26, 6, 
2021/10/5, 22, 5, 24, 5, 
2021/10/6, 13, 5, 17, 6, 
2021/10/7, 14, 10, 16, 9, 
2021/10/8, 30, 17, 25, 4, 
2021/10/9, 53, 20, 30, 9, 
2021/10/10, 58, 23, 20, 13, 
2021/10/11, 65, 24, 18, 7, 
2021/10/12, 70, 11, 19, 7, 
2021/10/13, 39, 9, 21, 12, 
2021/10/14, 31, 12, 20, 13, 
2021/10/15, 37, 14, 10, 11, 
2021/10/16, 46, 17, 11, 7, 
2021/10/17, 60, 17, 15, 10, 
2021/10/18, 61, 19, 8, 14, 
2021/10/19, 59, 13, 29, 9, 
2021/10/20, 38, 9, 30, 2, 
2021/10/21, 20, 6, 25, 5, 
2021/10/22, 13, 7, 23, 7, 
2021/10/23, 21, 9, 16, 9, 
2021/10/24, 31, 13, 11, 16, 
2021/10/25, 46, 14, 20, 12, 
2021/10/26, 44, 10, 22, 11, 
2021/10/27, 34, 14, 11, 13, 
2021/10/28, 49, 19, 9, 14, 
2021/10/29, 60, 16, 1, 13, 
2021/10/30, 54, 11, 23, 8, 
2021/10/31, 41, 6, 27, 6, 
2021/11/1, 21, 4, 18, 10, 
2021/11/2, 11, 5, 13, 13, 
2021/11/3, 16, 5, 19, 6, 
2021/11/4, 17, 7, 17, 9, 
2021/11/5, 25, 14, 5, 11, 
2021/11/6, 52, 14, 25, 6, 
2021/11/7, 52, 8, 18, 12, 
2021/11/8, 29, 15, 20, 12, 
2021/11/9, 49, 17, 2, 17, 
2021/11/10, 52, 27, 1, 12, 
2021/11/11, 73, 21, , 14, 
2021/11/12, 70, 19, , 13, 
2021/11/13, 66, 18, 20, 7, 
2021/11/14, 61, 12, 15, 4, 
2021/11/15, 49, 16, 8, 9, 
2021/11/16, 58, 11, 10, 8, 
2021/11/17, 40, 10, 10, 11, 
2021/11/18, 34, 13, 17, 11, 
2021/11/19, 47, 11, 14, 10, 
2021/11/20, 44, 10, 11, 6, 
2021/11/21, 42, 9, 17, 7, 
2021/11/22, 36, 9, 14, 11, 
2021/11/23, 31, 13, 11, 12, 
2021/11/24, 47, 16, 8, 11, 
2021/11/25, 59, 26, 16, 13, 
2021/11/26, 80, 12, 19, 10, 
2021/11/27, 41, 9, 7, 14, 
2021/11/28, 37, 12, 22, 6, 
2021/11/29, 49, 7, 23, 6, 
2021/11/30, 27, 3, 29, 4, 
2021/12/1, 8, 3, 25, 6, 
2021/12/2, 7, 6, 23, 7, 
2021/12/3, 20, 7, 30, 8, 
2021/12/4, 22, 4, 27, 7, 
2021/12/5, 13, 10, 12, 15, 
2021/12/6, 41, 10, 27, 10, 
2021/12/7, 38, 8, 16, 17, 
2021/12/8, 26, 12, 23, 10, 
2021/12/9, 40, 9, 26, 11, 
2021/12/10, 29, 6, 17, 8, 
2021/12/11, 24, 9, 19, 8, 
2021/12/12, 36, 9, 8, 13, 
2021/12/13, 37, 11, 9, 11, 
2021/12/14, 42, 14, 13, 10, 
2021/12/15, 54, 12, 8, 13, 
2021/12/16, 47, 17, 16, 9, 
2021/12/17, 56, 13, 15, 4, 
2021/12/18, 52, 13, 14, 6, 
2021/12/19, 53, 14, 16, 12, 
2021/12/20, 53, 14, 12, 15, 
2021/12/21, 49, 19, 6, 17, 
2021/12/22, 62, 27, 23, 18, 
2021/12/23, 79, 15, 21, 9, 
2021/12/24, 48, 8, 16, 8, 
2021/12/25, 30, 10, 6, 8, 
2021/12/26, 40, 10, 23, 10, 
2021/12/27, 38, 5, 35, 4, 
2021/12/28, 15, 3, 31, 4, 
2021/12/29, 10, 2, 25, 3, 
2021/12/30, 6, 4, 17, 7, 
2021/12/31, 11, 14, 12, 11, 
2022/1/1, 51, 13, 24, 10, 
2022/1/2, 50, 7, 33, 4, 
2021/7/1, 8, 8, 39, 3, 
2021/7/2, 20, 12, 47, 5, 
2021/7/3, 38, 9, 29, 1, 
2021/7/4, 30, 5, 21, 2, 
2021/7/5, 14, 6, 24, 5, 
2021/7/6, 12, 7, 27, 3, 
2021/7/7, 12, 7, 23, 5, 
2021/7/8, 15, 8, 30, 3, 
2021/7/9, 19, 11, 38, 4, 
2021/7/10, 34, 8, 29, , 
2021/7/11, 21, 6, 34, 3, 
2021/7/12, 16, 7, 26, 3, 
2021/7/13, 16, 8, 21, 4, 
2021/7/14, 14, 5, 23, 2, 
2021/7/15, 10, 8, 34, 4, 
2021/7/16, 17, 14, 32, 2, 
2021/7/17, 42, 16, 34, 1, 
2021/7/18, 48, 11, 32, 4, 
2021/7/19, 26, 16, 41, 3, 
2021/7/20, 47, 17, 43, 6, 
2021/7/21, 46, 17, 52, 7, 
2021/7/22, 42, 20, 56, 5, 
2021/7/23, 50, 22, 45, 6, 
2021/7/24, 57, 16, 31, 2, 
2021/7/25, 44, 10, 28, 5, 
2021/7/26, 28, 9, 40, 5, 
2021/7/27, 23, 11, 29, 3, 
2021/7/28, 31, 8, 34, 4, 
2021/7/29, 20, 9, 38, 6, 
2021/7/30, 25, 11, 34, 1, 
2021/7/31, 25, 11, 30, 2, 
2021/8/1, 25, 6, 26, 3, 
2021/8/2, 15, 6, 26, 4, 
2021/8/3, 13, 6, 33, 2, 
2021/8/4, 12, 7, 27, 4, 
2021/8/5, 16, 6, 24, 2, 
2021/8/6, 12, 6, 21, 5, 
2021/8/7, 13, 7, 24, 1, 
2021/8/8, 12, 5, 29, 4, 
2021/8/9, 13, 9, 30, 7, 
2021/8/10, 19, 12, 36, 6, 
2021/8/11, 27, 16, 47, 7, 
2021/8/12, 37, 19, 44, 7, 
2021/8/13, 48, 17, 45, 4, 
2021/8/14, 47, 21, 42, 6, 
2021/8/15, 56, 17, 30, 3, 
2021/8/16, 47, 9, 32, 2, 
2021/8/17, 25, 8, 24, 1, 
2021/8/18, 26, 4, 27, 2, 
2021/8/19, 10, 6, 35, 5, 
2021/8/20, 14, 10, 44, 4, 
2021/8/21, 29, 11, 22, 3, 
2021/8/22, 33, 6, 28, 2, 
2021/8/23, 17, 8, 25, 3, 
2021/8/24, 23, 11, 37, 2, 
2021/8/25, 35, 12, 27, 4, 
2021/8/26, 38, 8, 24, 2, 
2021/8/27, 25, 6, 21, 2, 
2021/8/28, 20, 6, 17, 2, 
2021/8/29, 17, 6, 20, 3, 
2021/8/30, 20, 11, 25, 5, 
2021/8/31, 34, 12, 33, 5, 
2021/9/1, 39, 12, 36, 5, 
2021/9/2, 36, 12, 36, 6, 
2021/9/3, 37, 13, 43, 7, 
2021/9/4, 41, 13, 44, 5, 
2021/9/5, 43, 14, 45, 6, 
2021/9/6, 42, 19, 45, 9, 
2021/9/7, 53, 18, 43, 6, 
2021/9/8, 53, 19, 42, 8, 
2021/9/9, 52, 18, 38, 6, 
2021/9/10, 49, 13, 23, 4, 
2021/9/11, 42, 9, 33, 4, 
2021/9/12, 24, 8, 36, 7, 
2021/9/13, 23, 12, 37, 8, 
2021/9/14, 34, 15, 20, 8, 
2021/9/15, 44, 9, 24, 5, 
2021/9/16, 25, 10, 29, 8, 
2021/9/17, 31, 12, 35, 7, 
2021/9/18, 36, 10, 27, 3, 
2021/9/19, 36, 9, 17, 6, 
2021/9/20, 29, 13, 30, 6, 
2021/9/21, 39, 15, 28, 9, 
2021/9/22, 46, 13, 33, 8, 
2021/9/23, 37, 12, 39, 6, 
2021/9/24, 28, 14, 37, 10, 
2021/9/25, 41, 17, 26, 8, 
2021/9/26, 53, 12, 32, 8, 
2021/9/27, 43, 8, 29, 4, 
2021/9/28, 24, 10, 28, 6, 
2021/9/29, 27, 5, 28, 6, 
2021/9/30, 11, 8, 26, 12, 
2021/4/1, 56, 27, 33, 3, 
2021/4/2, 59, 11, 35, 2, 
2021/4/3, 33, 11, 37, 7, 
2021/4/4, 31, 16, 34, 6, 
2021/4/5, 49, 9, 31, 3, 
2021/4/6, 25, 6, 31, 3, 
2021/4/7, 19, 9, 35, 6, 
2021/4/8, 28, 15, 34, 14, 
2021/4/9, 48, 12, 37, 4, 
2021/4/10, 28, 8, 35, 5, 
2021/4/11, 20, 6, 29, 5, 
2021/4/12, 20, 12, 35, 10, 
2021/4/13, 40, 11, 33, 11, 
2021/4/14, 35, 11, 35, 12, 
2021/4/15, 34, 11, 28, 10, 
2021/4/16, 32, 11, 35, 5, 
2021/4/17, 36, 10, 30, 3, 
2021/4/18, 35, 19, 19, 14, 
2021/4/19, 60, 24, 38, 10, 
2021/4/20, 73, 20, 45, 12, 
2021/4/21, 62, 19, 38, 7, 
2021/4/22, 56, 16, 37, 10, 
2021/4/23, 40, 19, 46, 11, 
2021/4/24, 47, 14, 42, 2, 
2021/4/25, 40, 11, 40, 3, 
2021/4/26, 32, 15, 44, 5, 
2021/4/27, 35, 20, 50, 8, 
2021/4/28, 49, 16, 38, 4, 
2021/4/29, 41, 12, 27, 8, 
2021/4/30, 40, 19, 28, 6, 
2021/5/1, 64, 22, 40, 3, 
2021/5/2, 71, 12, 43, 7, 
2021/5/3, 44, 10, 40, 6, 
2021/5/4, 30, 5, 32, 2, 
2021/5/5, 12, 4, 28, 6, 
2021/5/6, 11, 5, 35, 3, 
2021/5/7, 13, 8, 38, 6, 
2021/5/8, 27, 7, 39, 5, 
2021/5/9, 22, 8, 35, 6, 
2021/5/10, 17, 8, 27, 4, 
2021/5/11, 21, 7, 27, 3, 
2021/5/12, 20, 9, 33, 6, 
2021/5/13, 25, 4, 34, 2, 
2021/5/14, 10, 3, 33, 1, 
2021/5/15, 7, 4, 33, , 
2021/5/16, 8, 3, 28, 2, 
2021/5/17, 6, 3, 32, 3, 
2021/5/18, 5, 4, 34, 3, 
2021/5/19, 10, 5, 34, 3, 
2021/5/20, 10, 6, 36, 5, 
2021/5/21, 12, 5, 33, , 
2021/5/22, 10, 3, 33, 2, 
2021/5/23, 8, 5, 30, 5, 
2021/5/24, 14, 5, 32, 1, 
2021/5/25, 9, 4, 31, 2, 
2021/5/26, 9, 4, 35, 2, 
2021/5/27, 9, 7, 32, 3, 
2021/5/28, 21, 7, 37, 4, 
2021/5/29, 20, 7, 37, 2, 
2021/5/30, 20, 8, 43, 3, 
2021/5/31, 21, 9, 47, 3, 
2021/6/1, 22, 11, 53, 5, 
2021/6/2, 25, 13, 38, 6, 
2021/6/3, 32, 11, 31, 7, 
2021/6/4, 31, 10, 32, 2, 
2021/6/5, 27, 9, 27, 1, 
2021/6/6, 30, 17, 17, 3, 
2021/6/7, 57, 22, 37, 4, 
2021/6/8, 65, 23, 35, 6, 
2021/6/9, 65, 18, 47, 6, 
2021/6/10, 55, 16, 56, 6, 
2021/6/11, 51, 16, 38, 5, 
2021/6/12, 51, 12, 40, 1, 
2021/6/13, 33, 10, 41, 3, 
2021/6/14, 25, 12, 50, 5, 
2021/6/15, 28, 12, 66, 7, 
2021/6/16, 28, 15, 71, 4, 
2021/6/17, 35, 18, 64, 5, 
2021/6/18, 46, 24, 51, 1, 
2021/6/19, 52, 33, 36, 1, 
2021/6/20, 60, 26, 37, 2, 
2021/6/21, 45, 10, 31, 3, 
2021/6/22, 24, 9, 31, 4, 
2021/6/23, 25, 10, 32, 2, 
2021/6/24, 25, 7, 30, 2, 
2021/6/25, 19, 12, 38, 3, 
2021/6/26, 38, 11, 40, 3, 
2021/6/27, 37, 8, 46, 4, 
2021/6/28, 24, 10, 32, 3, 
2021/6/29, 24, 6, 24, 2, 
2021/6/30, 12, 4, 23, 1, 
2021/1/4, 68, 18, 5, 7, 
2021/1/5, 64, 12, 3, 7, 
2021/1/6, 49, 9, 9, 10, 
2021/1/7, 36, 10, 15, 6, 
2021/1/8, 41, 13, 12, 8, 
2021/1/9, 53, 17, 10, 10, 
2021/1/10, 62, 20, 6, 16, 
2021/1/11, 66, 18, 19, 8, 
2021/1/12, 58, 7, 22, 9, 
2021/1/13, 23, 8, 16, 8, 
2021/1/14, 27, 10, 14, 8, 
2021/1/15, 39, 16, 9, 11, 
2021/1/16, 57, 18, 15, 11, 
2021/1/17, 65, 14, 22, 6, 
2021/1/18, 52, 7, 23, 8, 
2021/1/19, 26, 7, 21, 17, 
2021/1/20, 20, 10, 28, 7, 
2021/1/21, 27, 4, 29, 4, 
2021/1/22, 9, 5, 21, 7, 
2021/1/23, 16, 6, 26, 5, 
2021/1/24, 23, 9, 18, 11, 
2021/1/25, 33, 8, 24, 4, 
2021/1/26, 32, 8, 17, 15, 
2021/1/27, 30, 7, 25, 9, 
2021/1/28, 28, 3, 29, 2, 
2021/1/29, 7, 3, 26, 4, 
2021/1/30, 10, 7, 13, 4, 
2021/1/31, 29, 11, 18, 11, 
2021/2/1, 47, 5, 20, 9, 
2021/2/2, 19, 4, 29, 9, 
2021/2/3, 9, 4, 28, 11, 
2021/2/4, 9, 10, 7, 16, 
2021/2/5, 31, 16, 4, 11, 
2021/2/6, 56, 24, 23, 6, 
2021/2/7, 70, 15, 12, 9, 
2021/2/8, 52, 30, 16, 11, 
2021/2/9, 88, 33, 24, 9, 
2021/2/10, 95, 23, 23, 17, 
2021/2/11, 71, 18, 26, 9, 
2021/2/12, 61, 11, 30, 4, 
2021/2/13, 43, 10, 28, 7, 
2021/2/14, 36, 13, 17, 19, 
2021/2/15, 36, 22, 10, 23, 
2021/2/16, 63, 10, 29, 9, 
2021/2/17, 33, 10, 21, 18, 
2021/2/18, 32, 9, 25, 11, 
2021/2/19, 24, 16, 21, 14, 
2021/2/20, 45, 22, 30, 11, 
2021/2/21, 56, 21, 7, 13, 
2021/2/22, 57, 34, 15, 18, 
2021/2/23, 71, 54, 13, 19, 
2021/2/24, 81, 71, 17, 19, 
2021/2/25, 100, 76, 20, 15, 
2021/2/26, 106, 28, 30, 6, 
2021/2/27, 55, 12, 27, 3, 
2021/2/28, 47, 15, 27, 13, 
2021/3/1, 54, 20, 21, 18, 
2021/3/2, 55, 36, 8, 25, 
2021/3/3, 78, 44, 29, 15, 
2021/3/4, 85, 21, 19, 7, 
2021/3/5, 53, 10, 30, 5, 
2021/3/6, 38, 13, 24, 12, 
2021/3/7, 49, 22, 29, 13, 
2021/3/8, 67, 20, 22, 14, 
2021/3/9, 59, 23, 28, 10, 
2021/3/10, 67, 16, 31, 5, 
2021/3/11, 48, 6, 31, 2, 
2021/3/12, 12, 4, 34, 1, 
2021/3/13, 9, 3, 31, 2, 
2021/3/14, 9, 5, 27, 4, 
2021/3/15, 17, 6, 28, 4, 
2021/3/16, 18, 8, 23, 6, 
2021/3/17, 26, 10, 28, 11, 
2021/3/18, 32, 14, 25, 11, 
2021/3/19, 49, 11, 28, 5, 
2021/3/20, 41, 9, 24, 5, 
2021/3/21, 32, 15, 27, 6, 
2021/3/22, 47, 16, 28, 10, 
2021/3/23, 48, 23, 26, 17, 
2021/3/24, 67, 25, 38, 14, 
2021/3/25, 67, 21, 37, 12, 
2021/3/26, 58, 14, 35, 2, 
2021/3/27, 38, 6, 38, 5, 
2021/3/28, 16, , 41, 15, 
2021/3/30, 43, 22, 44, 17, 
2021/3/31, 49, 28, 48, 17, 
2020/10/1, 44, 8, 19, 8, 
2020/10/2, 26, 8, 23, 6, 
2020/10/3, 22, 4, 28, 4, 
2020/10/4, 10, 3, 21, 4, 
2020/10/5, 7, 3, 20, 4, 
2020/10/6, 6, 4, 21, 4, 
2020/10/7, 9, 4, 20, 6, 
2020/10/8, 12, 6, 19, 7, 
2020/10/9, 14, 7, 19, 5, 
2020/10/10, 20, 6, 21, 6, 
2020/10/11, 19, 7, 20, 10, 
2020/10/12, 26, 9, 17, 9, 
2020/10/13, 32, 10, 12, 10, 
2020/10/14, 38, 7, 11, 7, 
2020/10/15, 23, 4, 10, 7, 
2020/10/16, 12, 7, 11, 8, 
2020/10/17, 20, 13, 18, 9, 
2020/10/18, 48, 17, 20, 11, 
2020/10/19, 57, 16, 6, 16, 
2020/10/20, 51, 19, 7, 19, 
2020/10/21, 51, 24, 24, 9, 
2020/10/22, 43, 24, 11, 10, 
2020/10/23, 42, 11, 22, 6, 
2020/10/24, 31, 8, 22, 9, 
2020/10/25, 23, 6, 17, 7, 
2020/10/26, 16, 6, 20, 9, 
2020/10/27, 16, 6, 18, 8, 
2020/10/28, 14, 5, 22, 4, 
2020/10/29, 13, 5, 24, 6, 
2020/10/30, 15, 8, 23, 10, 
2020/10/31, 24, 14, 16, 8, 
2020/11/1, 48, 5, 16, 4, 
2020/11/2, 14, 5, 20, 7, 
2020/11/3, 12, 8, 16, 9, 
2020/11/4, 21, 11, 11, 12, 
2020/11/5, 32, 15, 8, 12, 
2020/11/6, 49, 12, 4, 11, 
2020/11/7, 45, 16, 4, 11, 
2020/11/8, 51, 25, 3, 15, 
2020/11/9, 63, 23, , 9, 
2020/11/10, 64, 14, 2, 10, 
2020/11/11, 51, 19, 3, 16, 
2020/11/12, 56, 16, 13, 15, 
2020/11/13, 50, 15, 16, 13, 
2020/11/14, 45, 16, 22, 11, 
2020/11/15, 52, 9, 24, 5, 
2020/11/16, 26, 6, 19, 12, 
2020/11/17, 15, 14, 5, 18, 
2020/11/18, 40, 15, 25, 10, 
2020/11/19, 43, 9, 17, 11, 
2020/11/20, 26, 17, 10, 17, 
2020/11/21, 54, 22, 14, 16, 
2020/11/22, 69, 21, 3, 19, 
2020/11/23, 65, 17, 6, 14, 
2020/11/24, 58, 19, 2, 13, 
2020/11/25, 61, 19, 2, 14, 
2020/11/26, 59, 21, 2, 16, 
2020/11/27, 62, 19, 7, 13, 
2020/11/28, 60, 17, 17, 7, 
2020/11/29, 61, 24, 5, 18, 
2020/11/30, 74, 27, 1, 17, 
2020/12/1, 76, 14, 9, 11, 
2020/12/2, 54, 18, 8, 14, 
2020/12/3, 63, 18, 5, 15, 
2020/12/4, 57, 22, 2, 15, 
2020/12/5, 66, 15, 9, 10, 
2020/12/6, 57, 10, 12, 12, 
2020/12/7, 41, 13, 7, 11, 
2020/12/8, 46, 23, 11, 12, 
2020/12/9, 71, 18, 9, 10, 
2020/12/10, 63, 16, 12, 15, 
2020/12/11, 57, 13, 10, 13, 
2020/12/12, 46, 7, 14, 6, 
2020/12/13, 27, 9, 4, 14, 
2020/12/14, 31, 14, , 18, 
2020/12/15, 46, 16, 4, 15, 
2020/12/16, 52, 16, 1, 15, 
2020/12/17, 53, 19, 1, 14, 
2020/12/18, 56, 17, 4, 17, 
2020/12/19, 55, 13, 1, 16, 
2020/12/20, 49, 14, 11, 14, 
2020/12/21, 51, 6, 15, 3, 
2020/12/22, 22, 3, 26, 5, 
2020/12/23, 8, 3, 24, 2, 
2020/12/24, 7, 3, 19, 4, 
2020/12/25, 13, 11, 17, 9, 
2020/12/26, 44, 10, 23, 7, 
2020/12/27, 38, 5, 23, 7, 
2020/12/28, 17, 4, 21, 5, 
2020/12/29, 13, 5, 15, 9, 
2020/12/30, 17, 6, 15, 8, 
2020/12/31, 25, 10, 14, 7, 
2021/1/1, 44, 16, 14, 8, 
2021/1/2, 59, 14, 13, 6, 
2021/1/3, 56, 19, 13, 8, 
2020/7/1, 19, 8, 29, 2, 
2020/7/2, 16, 7, 35, 2, 
2020/7/3, 12, 7, 39, 4, 
2020/7/4, 16, 8, 27, 1, 
2020/7/5, 17, 6, 30, 1, 
2020/7/6, 12, 9, 41, 6, 
2020/7/7, 19, 10, 40, 5, 
2020/7/8, 19, 13, 35, 6, 
2020/7/9, 23, 13, 31, 6, 
2020/7/10, 21, 9, 40, 2, 
2020/7/11, 16, 6, 41, 4, 
2020/7/12, 18, 6, 43, 5, 
2020/7/13, 16, 10, 57, 6, 
2020/7/14, 23, 12, 38, 5, 
2020/7/15, 28, 8, 22, 4, 
2020/7/16, 24, 8, 36, 3, 
2020/7/17, 22, 9, 42, 6, 
2020/7/18, 26, 11, 50, 6, 
2020/7/19, 35, 13, 60, 10, 
2020/7/20, 37, 17, 48, 5, 
2020/7/21, 37, 15, 59, 7, 
2020/7/22, 26, 17, 61, 7, 
2020/7/23, 30, 19, 49, 11, 
2020/7/24, 35, 15, 37, 3, 
2020/7/25, 27, 10, 26, 3, 
2020/7/26, 21, 6, 36, 5, 
2020/7/27, 13, 10, 30, 4, 
2020/7/28, 16, 13, 39, 5, 
2020/7/29, 20, 16, 56, 12, 
2020/7/30, 25, 17, 69, 12, 
2020/7/31, 27, 21, 71, 8, 
2020/8/1, 40, 19, 36, 4, 
2020/8/2, 47, 12, 27, 5, 
2020/8/3, 39, 10, 33, 4, 
2020/8/4, 28, 9, 41, 5, 
2020/8/5, 25, 9, 44, 4, 
2020/8/6, 24, 11, 50, 5, 
2020/8/7, 30, 19, 59, 5, 
2020/8/8, 53, 21, 62, 4, 
2020/8/9, 57, 24, 64, 6, 
2020/8/10, 63, 26, 69, 5, 
2020/8/11, 65, 24, 61, 4, 
2020/8/12, 60, 25, 35, 9, 
2020/8/13, 61, 18, 43, 6, 
2020/8/14, 48, 11, 50, 6, 
2020/8/15, 31, 11, 48, 3, 
2020/8/16, 34, 9, 42, 4, 
2020/8/17, 26, 8, 40, 4, 
2020/8/18, 17, 7, 41, 4, 
2020/8/19, 14, 8, 44, 6, 
2020/8/20, 16, 11, 49, 7, 
2020/8/21, 27, 12, 31, 2, 
2020/8/22, 25, 6, 34, 2, 
2020/8/23, 15, 6, 35, 5, 
2020/8/24, 13, 9, 32, 8, 
2020/8/25, 16, 9, 33, 2, 
2020/8/26, 15, 14, 40, 6, 
2020/8/27, 21, 14, 23, 6, 
2020/8/28, 25, 6, 20, 3, 
2020/8/29, 12, 6, 16, 6, 
2020/8/30, 18, 7, 20, 7, 
2020/8/31, 17, 9, 23, 5, 
2020/9/1, 24, 8, 31, 5, 
2020/9/2, 22, 10, 40, 9, 
2020/9/3, 29, 11, 40, 11, 
2020/9/4, 25, 14, 36, 8, 
2020/9/5, 35, 9, 31, 3, 
2020/9/6, 26, 8, 32, 7, 
2020/9/7, 21, 10, 43, 10, 
2020/9/8, 25, 14, 49, 10, 
2020/9/9, 37, 15, 20, 11, 
2020/9/10, 33, 11, 30, 10, 
2020/9/11, 23, 15, 43, 10, 
2020/9/12, 38, 17, 48, 8, 
2020/9/13, 52, 16, 42, 8, 
2020/9/14, 50, 22, 61, 13, 
2020/9/15, 59, 26, 42, 20, 
2020/9/16, 63, 31, 28, 8, 
2020/9/17, 70, , 38, 4, 
2020/9/19, 29, 17, 38, 8, 
2020/9/20, 44, 17, 45, 13, 
2020/9/21, 42, 24, 53, 16, 
2020/9/22, 56, 20, 35, 10, 
2020/9/23, 48, 14, 24, 7, 
2020/9/24, 34, 7, 23, 4, 
2020/9/25, 13, 4, 20, 2, 
2020/9/26, 8, 2, 20, 3, 
2020/9/27, 5, 5, 20, 9, 
2020/9/28, 15, 7, 15, 11, 
2020/9/29, 19, 10, 24, 9, 
2020/9/30, 34, 13, 20, 9, 
2020/4/1, 43, 24, 36, 15, 
2020/4/2, 63, 28, 34, 6, 
2020/4/3, 71, 20, 36, 9, 
2020/4/4, 57, 19, 40, 4, 
2020/4/5, 57, 20, 46, 11, 
2020/4/6, 56, 29, 49, 12, 
2020/4/7, 65, 27, 48, 11, 
2020/4/8, 60, 32, 54, 13, 
2020/4/9, 67, 33, 50, 9, 
2020/4/10, 74, 17, 41, 5, 
2020/4/11, 46, 15, 44, 6, 
2020/4/12, 35, 15, 39, 4, 
2020/4/13, 44, 14, 36, 4, 
2020/4/14, 38, 13, 37, 7, 
2020/4/15, 31, 22, 46, 10, 
2020/4/16, 47, 27, 44, 14, 
2020/4/17, 55, 31, 41, 9, 
2020/4/18, 58, 23, 37, 2, 
2020/4/19, 52, 17, 39, 1, 
2020/4/20, 44, 19, 43, 1, 
2020/4/21, 30, 20, 44, 2, 
2020/4/22, 33, 18, 48, 5, 
2020/4/23, 36, 24, 58, 12, 
2020/4/24, 50, 26, 42, 3, 
2020/4/25, 57, 16, 45, 5, 
2020/4/26, 38, 14, 43, 8, 
2020/4/27, 33, 15, 26, 11, 
2020/4/28, 36, 9, 31, 3, 
2020/4/29, 23, 6, 29, 3, 
2020/4/30, 13, 4, 30, 1, 
2020/5/1, 8, 4, 35, 1, 
2020/5/2, 10, 6, 40, 3, 
2020/5/3, 17, 8, 27, 8, 
2020/5/4, 26, 10, 36, 3, 
2020/5/5, 31, 9, 40, 3, 
2020/5/6, 24, 10, 47, 8, 
2020/5/7, 27, 14, 58, 9, 
2020/5/8, 33, 18, 44, 11, 
2020/5/9, 48, 19, 38, 5, 
2020/5/10, 55, 11, 22, 5, 
2020/5/11, 33, 5, 30, 3, 
2020/5/12, 14, 9, 27, 4, 
2020/5/13, 27, 15, 28, 4, 
2020/5/14, 52, 18, 41, 2, 
2020/5/15, 56, 17, 49, 5, 
2020/5/16, 54, 15, 50, 3, 
2020/5/17, 51, 13, 49, 5, 
2020/5/18, 42, 13, 49, 7, 
2020/5/19, 35, 13, 44, 6, 
2020/5/20, 29, 14, 44, 2, 
2020/5/21, 43, 15, 46, 4, 
2020/5/22, 50, 14, 27, 2, 
2020/5/23, 40, 6, 33, , 
2020/5/24, 16, 8, 34, 1, 
2020/5/25, 21, 10, 35, 3, 
2020/5/26, 29, 9, 42, 2, 
2020/5/27, 24, 11, 39, 5, 
2020/5/28, 28, 9, 39, 2, 
2020/5/29, 21, 9, 37, 1, 
2020/5/30, 21, 6, 39, , 
2020/5/31, 13, 7, 44, , 
2020/6/1, 14, 13, 46, 2, 
2020/6/2, 26, 16, 46, 4, 
2020/6/3, 33, 11, 34, 2, 
2020/6/4, 28, 8, 26, 1, 
2020/6/5, 26, 5, 21, 1, 
2020/6/6, 12, 4, 29, , 
2020/6/7, 10, 8, 35, 2, 
2020/6/8, 18, 9, 28, 7, 
2020/6/9, 22, 12, 28, 6, 
2020/6/10, 41, 12, 29, 2, 
2020/6/11, 43, 10, 47, 4, 
2020/6/12, 33, 8, 43, 2, 
2020/6/13, 19, 6, 29, , 
2020/6/14, 15, 6, 21, 4, 
2020/6/15, 18, 10, 29, 5, 
2020/6/16, 31, 10, 34, 5, 
2020/6/17, 32, 8, 36, 3, 
2020/6/18, 19, 5, 32, 4, 
2020/6/19, 10, 6, 40, 3, 
2020/6/20, 15, 7, 42, 3, 
2020/6/21, 20, 6, 39, 1, 
2020/6/22, 16, 8, 46, 5, 
2020/6/23, 18, 11, 53, 2, 
2020/6/24, 26, 10, 42, 2, 
2020/6/25, 20, 10, 62, 3, 
2020/6/26, 26, 15, 41, 3, 
2020/6/27, 46, 13, 26, 3, 
2020/6/28, 41, 6, 27, 1, 
2020/6/29, 16, 6, 34, 2, 
2020/6/30, 11, 9, 38, 5, 
2020/1/1, 164, 40, , 16, 
2020/1/2, 113, 24, 20, 13, 
2020/1/3, 76, 8, 26, 3, 
2020/1/4, 31, 9, 24, 8, 
2020/1/5, 34, 15, 5, 15, 
2020/1/6, 57, 17, 13, 17, 
2020/1/7, 61, 15, , 21, 
2020/1/8, 54, 14, 11, 19, 
2020/1/9, 49, 7, 25, 6, 
2020/1/10, 22, 7, 16, 12, 
2020/1/11, 25, 19, 8, 16, 
2020/1/12, 62, 15, 3, 18, 
2020/1/13, 56, 14, 13, 19, 
2020/1/14, 50, 13, 22, 18, 
2020/1/15, 38, 12, 18, 18, 
2020/1/16, 32, 18, 26, 20, 
2020/1/17, 52, 13, 23, 5, 
2020/1/18, 41, 8, 17, 8, 
2020/1/19, 32, 11, 19, 11, 
2020/1/20, 41, 14, 8, 13, 
2020/1/21, 52, 26, 3, 16, 
2020/1/22, 81, 35, 6, 14, 
2020/1/23, 100, 29, 2, 20, 
2020/1/24, 85, 43, 1, 23, 
2020/1/25, 107, 46, 1, 18, 
2020/1/26, 119, 35, 24, 15, 
2020/1/27, 89, 14, 32, 5, 
2020/1/28, 32, 5, 28, 5, 
2020/1/29, 14, 6, 23, 9, 
2020/1/30, 18, 5, 17, 7, 
2020/1/31, 13, 4, 32, 4, 
2020/2/1, 11, 3, 28, 2, 
2020/2/2, 8, 3, 30, 4, 
2020/2/3, 7, 7, 28, 3, 
2020/2/4, 17, 5, 25, 10, 
2020/2/5, 18, 15, 10, 23, 
2020/2/6, 48, 20, 13, 17, 
2020/2/7, 59, 25, 7, 20, 
2020/2/8, 75, 24, 32, 10, 
2020/2/9, 71, 8, 32, 1, 
2020/2/10, 20, 5, 32, 1, 
2020/2/11, 14, 6, 30, 3, 
2020/2/12, 15, 6, 29, 11, 
2020/2/13, 19, 5, 30, 6, 
2020/2/14, 16, 9, 16, 15, 
2020/2/15, 31, 8, 27, 7, 
2020/2/16, 27, 4, 27, 8, 
2020/2/17, 13, 4, 25, 4, 
2020/2/18, 11, 6, 28, 4, 
2020/2/19, 18, 6, 26, 9, 
2020/2/20, 16, 7, 29, 6, 
2020/2/21, 20, 10, 30, 9, 
2020/2/22, 32, 6, 26, , 
2020/2/23, 18, 4, 25, 6, 
2020/2/24, 13, 5, 32, 3, 
2020/2/25, 17, 3, 31, 2, 
2020/2/26, 10, 4, 26, 5, 
2020/2/27, 13, 5, 30, 5, 
2020/2/28, 15, 11, 30, 7, 
2020/2/29, 27, 10, 34, 2, 
2020/3/1, 23, 3, 27, 11, 
2020/3/2, 8, 5, 22, 9, 
2020/3/3, 17, 8, 28, 12, 
2020/3/4, 23, 12, 29, 14, 
2020/3/5, 35, 5, 25, 4, 
2020/3/6, 15, 8, 30, 3, 
2020/3/7, 33, 10, 32, 7, 
2020/3/8, 38, 6, 29, 5, 
2020/3/9, 21, 6, 24, 4, 
2020/3/10, 17, 4, 26, 3, 
2020/3/11, 9, 6, 30, 3, 
2020/3/12, 10, 6, 31, 2, 
2020/3/13, 15, 10, 28, 10, 
2020/3/14, 31, 11, 33, 9, 
2020/3/15, 38, 13, 29, 14, 
2020/3/16, 41, 14, 29, 10, 
2020/3/17, 40, 22, 30, 15, 
2020/3/18, 63, 28, 32, 12, 
2020/3/19, 73, 33, 32, 9, 
2020/3/20, 79, 25, 22, 1, 
2020/3/21, 71, 7, 32, , 
2020/3/22, 30, 7, 30, 2, 
2020/3/23, 26, 11, 33, 3, 
2020/3/24, 38, 19, 37, 3, 
2020/3/25, 59, 19, 30, 3, 
2020/3/26, 57, 27, 32, 8, 
2020/3/27, 62, 51, 39, 12, 
2020/3/28, 84, , , , 
2019/10/1, 14, 5, 22, 4, 
2019/10/2, 11, 5, 25, 5, 
2019/10/3, 14, 7, 19, 10, 
2019/10/4, 21, 6, 20, 5, 
2019/10/5, 17, 6, 10, 7, 
2019/10/6, 21, 8, 16, 9, 
2019/10/7, 27, 9, 17, 7, 
2019/10/8, 23, 6, 21, 7, 
2019/10/9, 13, 5, 23, 6, 
2019/10/10, 10, 6, 22, 11, 
2019/10/11, 15, 8, 21, 13, 
2019/10/12, 20, 13, 24, 8, 
2019/10/13, 32, 16, 26, 12, 
2019/10/14, 36, 18, 23, 13, 
2019/10/15, 38, 9, 25, 7, 
2019/10/16, 17, 8, 23, 11, 
2019/10/17, 16, 8, 17, 10, 
2019/10/18, 18, 6, 18, 8, 
2019/10/19, 15, 11, 11, 7, 
2019/10/20, 28, 15, 15, 9, 
2019/10/21, 44, 13, 11, 12, 
2019/10/22, 38, 18, 5, 8, 
2019/10/23, 53, 18, 8, 12, 
2019/10/24, 53, 15, 22, 13, 
2019/10/25, 35, 15, 16, 13, 
2019/10/26, 34, 13, 26, 5, 
2019/10/27, 34, 10, 21, 5, 
2019/10/28, 28, 13, 11, 8, 
2019/10/29, 39, 17, 17, 7, 
2019/10/30, 54, 17, 15, 9, 
2019/10/31, 57, 17, 12, 9, 
2019/11/1, 56, 6, 24, 4, 
2019/11/2, 16, 4, 20, 5, 
2019/11/3, 7, 4, 23, 6, 
2019/11/4, 8, 5, 25, 13, 
2019/11/5, 10, 7, 20, 11, 
2019/11/6, 18, 6, 18, 11, 
2019/11/7, 17, 7, 18, 12, 
2019/11/8, 22, 5, 23, 10, 
2019/11/9, 18, 11, 6, 11, 
2019/11/10, 42, 15, 4, 12, 
2019/11/11, 56, 11, 23, 12, 
2019/11/12, 38, 8, 22, 11, 
2019/11/13, 21, 8, 14, 14, 
2019/11/14, 24, 15, 5, 14, 
2019/11/15, 50, 24, 2, 16, 
2019/11/16, 71, 21, 5, 12, 
2019/11/17, 68, 10, 16, 9, 
2019/11/18, 41, 7, 13, 14, 
2019/11/19, 23, 13, 8, 12, 
2019/11/20, 48, 19, 4, 15, 
2019/11/21, 62, 26, 2, 13, 
2019/11/22, 75, 17, 2, 16, 
2019/11/23, 59, 20, 2, 13, 
2019/11/24, 63, 29, 2, 14, 
2019/11/25, 84, 23, 7, 15, 
2019/11/26, 70, 15, 22, 11, 
2019/11/27, 49, 4, 23, 7, 
2019/11/28, 11, 3, 20, 8, 
2019/11/29, 8, 9, 17, 12, 
2019/11/30, 28, 12, 13, 10, 
2019/12/1, 45, 12, 17, 16, 
2019/12/2, 49, 16, 8, 24, 
2019/12/3, 54, 21, 10, 17, 
2019/12/4, 64, 28, 2, 22, 
2019/12/5, 79, 33, 7, 24, 
2019/12/6, 87, 15, 21, 9, 
2019/12/7, 45, 4, 25, 5, 
2019/12/8, 15, 3, 29, 6, 
2019/12/9, 9, 8, 23, 15, 
2019/12/10, 22, 17, 7, 22, 
2019/12/11, 48, 9, 17, 14, 
2019/12/12, 28, 5, 25, 8, 
2019/12/13, 17, 4, 33, 3, 
2019/12/14, 12, 4, 29, 8, 
2019/12/15, 13, 7, 7, 20, 
2019/12/16, 23, 13, 2, 21, 
2019/12/17, 35, 19, 2, 21, 
2019/12/18, 49, 27, 1, 20, 
2019/12/19, 59, 21, 12, 20, 
2019/12/20, 54, 8, 21, 14, 
2019/12/21, 26, 6, 28, 6, 
2019/12/22, 21, 3, 28, 3, 
2019/12/23, 9, 4, 28, 5, 
2019/12/24, 14, 5, 27, 2, 
2019/12/25, 15, 6, 9, 13, 
2019/12/26, 23, 9, 10, 11, 
2019/12/27, 38, 11, 16, 9, 
2019/12/28, 46, 15, 9, 13, 
2019/12/29, 56, , , , 
2019/7/1, 55, 16, 50, 5, 
2019/7/2, 37, 12, 46, 5, 
2019/7/3, 25, 11, 51, 5, 
2019/7/4, 20, 14, 57, 12, 
2019/7/5, 28, 14, 48, 6, 
2019/7/6, 29, 11, 35, 3, 
2019/7/7, 27, 12, 40, 5, 
2019/7/8, 36, 11, 35, 6, 
2019/7/9, 29, 8, 43, 8, 
2019/7/10, 18, 11, 30, 13, 
2019/7/11, 24, 12, 29, 9, 
2019/7/12, 30, 11, 31, 3, 
2019/7/13, 30, 11, 26, 4, 
2019/7/14, 35, 8, 35, 4, 
2019/7/15, 24, 13, 42, 6, 
2019/7/16, 43, 15, 52, 10, 
2019/7/17, 48, 18, 53, 12, 
2019/7/18, 49, 18, 41, 8, 
2019/7/19, 44, 18, 44, 6, 
2019/7/20, 43, 14, 33, 4, 
2019/7/21, 34, 10, 47, 10, 
2019/7/22, 27, 14, 59, 9, 
2019/7/23, 31, 16, 79, 8, 
2019/7/24, 36, 23, 77, 12, 
2019/7/25, 54, 25, 80, 10, 
2019/7/26, 59, 19, 51, 4, 
2019/7/27, 49, 11, 30, 3, 
2019/7/28, 34, 9, 40, 3, 
2019/7/29, 26, 13, 46, 7, 
2019/7/30, 37, 12, 34, 4, 
2019/7/31, 27, 10, 38, 5, 
2019/8/1, 20, 12, 43, 12, 
2019/8/2, 25, 12, 41, 5, 
2019/8/3, 30, 12, 52, 7, 
2019/8/4, 42, 12, 45, 10, 
2019/8/5, 36, 15, 44, 8, 
2019/8/6, 42, 13, 23, 8, 
2019/8/7, 30, 8, 36, 7, 
2019/8/8, 17, 9, 38, 6, 
2019/8/9, 25, 9, 30, 3, 
2019/8/10, 21, 8, 34, 4, 
2019/8/11, 21, 7, 26, 4, 
2019/8/12, 20, 6, 32, 4, 
2019/8/13, 15, 7, 32, 7, 
2019/8/14, 19, 9, 25, 7, 
2019/8/15, 23, 7, 31, 4, 
2019/8/16, 17, 10, 26, 7, 
2019/8/17, 25, 8, 33, 3, 
2019/8/18, 21, 6, 32, 3, 
2019/8/19, 15, 7, 18, 8, 
2019/8/20, 17, 10, 35, 5, 
2019/8/21, 24, 10, 39, 6, 
2019/8/22, 27, 11, 43, 7, 
2019/8/23, 33, 16, 41, 8, 
2019/8/24, 48, 22, 50, 8, 
2019/8/25, 63, 19, 48, 6, 
2019/8/26, 59, 22, 60, 8, 
2019/8/27, 62, 22, 53, 13, 
2019/8/28, 58, 25, 42, 13, 
2019/8/29, 58, 20, 55, 10, 
2019/8/30, 54, 20, 53, 6, 
2019/8/31, 58, 14, 35, 3, 
2019/9/1, 44, 8, 36, 7, 
2019/9/2, 22, 11, 47, 13, 
2019/9/3, 22, 15, 48, 12, 
2019/9/4, 30, 13, 31, 4, 
2019/9/5, 25, 9, 30, 6, 
2019/9/6, 18, 9, 30, 7, 
2019/9/7, 19, 7, 19, 3, 
2019/9/8, 17, 8, 25, 5, 
2019/9/9, 27, 13, 30, 8, 
2019/9/10, 41, 13, 38, 12, 
2019/9/11, 37, 11, 30, 8, 
2019/9/12, 28, 9, 24, 12, 
2019/9/13, 20, 9, 26, 9, 
2019/9/14, 23, 10, 40, 9, 
2019/9/15, 32, 12, 42, 14, 
2019/9/16, 37, 12, 28, 6, 
2019/9/17, 32, 9, 28, 8, 
2019/9/18, 23, 10, 29, 10, 
2019/9/19, 20, 10, 28, 8, 
2019/9/20, 20, 12, 29, 8, 
2019/9/21, 25, 14, 31, 12, 
2019/9/22, 34, 10, 24, 7, 
2019/9/23, 28, 8, 18, 10, 
2019/9/24, 18, 6, 20, 7, 
2019/9/25, 15, 5, 17, 6, 
2019/9/26, 11, 6, 19, 7, 
2019/9/27, 13, 6, 22, 5, 
2019/9/28, 15, 5, 29, 3, 
2019/9/29, 12, 6, 26, 5, 
2019/9/30, 11, 6, 20, 9, 
2019/4/1, 74, 31, 49, 10, 
2019/4/2, 81, 17, 36, 8, 
2019/4/3, 46, 6, 28, 8, 
2019/4/4, 21, 9, 20, 9, 
2019/4/5, 35, 17, 28, 13, 
2019/4/6, 59, 23, 38, 14, 
2019/4/7, 71, 12, 29, 9, 
2019/4/8, 41, 12, 20, 13, 
2019/4/9, 43, 26, 32, 10, 
2019/4/10, 78, 28, 39, 7, 
2019/4/11, 75, 24, 30, 7, 
2019/4/12, 65, 26, 24, 7, 
2019/4/13, 73, 25, 33, 4, 
2019/4/14, 78, 21, 41, 10, 
2019/4/15, 67, 26, 38, 14, 
2019/4/16, 71, 22, 41, 10, 
2019/4/17, 67, 19, 46, 7, 
2019/4/18, 54, 14, 49, 4, 
2019/4/19, 36, 10, 50, 8, 
2019/4/20, 31, 17, 51, 7, 
2019/4/21, 47, 13, 51, 5, 
2019/4/22, 35, 15, 40, 6, 
2019/4/23, 33, 24, 43, 8, 
2019/4/24, 46, 13, 40, 5, 
2019/4/25, 20, 6, 33, 6, 
2019/4/26, 10, 5, 33, 6, 
2019/4/27, 16, 5, 34, 4, 
2019/4/28, 12, 5, 29, 8, 
2019/4/29, 16, 13, 38, 8, 
2019/4/30, 44, 23, 48, 13, 
2019/5/1, 65, 20, 45, 15, 
2019/5/2, 58, 17, 33, 5, 
2019/5/3, 57, 7, 26, 7, 
2019/5/4, 27, 7, 31, 5, 
2019/5/5, 24, 8, 34, 8, 
2019/5/6, 29, 14, 36, 13, 
2019/5/7, 47, 14, 31, 14, 
2019/5/8, 47, 6, 30, 7, 
2019/5/9, 17, 4, 34, 6, 
2019/5/10, 10, 6, 30, 5, 
2019/5/11, 15, 7, 33, 3, 
2019/5/12, 21, 7, 36, 6, 
2019/5/13, 19, 7, 37, 7, 
2019/5/14, 15, 7, 33, 7, 
2019/5/15, 17, 8, 34, 8, 
2019/5/16, 19, 12, 37, 7, 
2019/5/17, 40, 12, 39, 7, 
2019/5/18, 40, 10, 43, 4, 
2019/5/19, 36, 11, 30, 6, 
2019/5/20, 40, 17, 28, 4, 
2019/5/21, 59, 11, 35, 5, 
2019/5/22, 40, 13, 43, 10, 
2019/5/23, 47, 12, 50, 9, 
2019/5/24, 37, 16, 45, 13, 
2019/5/25, 50, 14, 40, 7, 
2019/5/26, 49, 8, 30, 6, 
2019/5/27, 26, 6, 29, 5, 
2019/5/28, 17, 7, 28, 7, 
2019/5/29, 22, 9, 42, 9, 
2019/5/30, 30, 7, 30, 7, 
2019/5/31, 21, 7, 41, 8, 
2019/6/1, 20, 9, 45, 6, 
2019/6/2, 25, 9, 44, 10, 
2019/6/3, 25, 13, 51, 7, 
2019/6/4, 32, 14, 51, 9, 
2019/6/5, 35, 11, 37, 4, 
2019/6/6, 26, 9, 43, 5, 
2019/6/7, 26, 8, 37, 2, 
2019/6/8, 18, 7, 38, 6, 
2019/6/9, 20, 7, 29, 4, 
2019/6/10, 21, 8, 29, 5, 
2019/6/11, 22, 8, 31, 6, 
2019/6/12, 23, 7, 40, 7, 
2019/6/13, 17, 10, 39, 8, 
2019/6/14, 24, 13, 39, 5, 
2019/6/15, 30, 8, 36, 2, 
2019/6/16, 22, 9, 43, 4, 
2019/6/17, 27, 12, 56, 8, 
2019/6/18, 36, 15, 53, 9, 
2019/6/19, 43, 12, 34, 3, 
2019/6/20, 29, 7, 38, 4, 
2019/6/21, 16, 11, 28, 6, 
2019/6/22, 32, 12, 37, 3, 
2019/6/23, 35, 11, 45, 4, 
2019/6/24, 35, 12, 61, 5, 
2019/6/25, 35, 19, 70, 11, 
2019/6/26, 51, 31, 56, 8, 
2019/6/27, 67, 16, 45, 8, 
2019/6/28, 39, 12, 59, 7, 
2019/6/29, 27, 13, 64, 5, 
2019/6/30, 34, 23, 46, 6, 
2019/1/1, 109, 14, 30, 6, 
2019/1/2, 42, 11, 16, 15, 
2019/1/3, 33, 18, 17, 14, 
2019/1/4, 59, 14, 18, 6, 
2019/1/5, 53, 5, 21, 6, 
2019/1/6, 22, 7, 15, 11, 
2019/1/7, 32, 10, 26, 5, 
2019/1/8, 41, 5, 27, 6, 
2019/1/9, 15, 6, 19, 11, 
2019/1/10, 22, 11, 9, 21, 
2019/1/11, 42, 11, 20, 9, 
2019/1/12, 41, 4, 26, 4, 
2019/1/13, 16, 3, 29, 6, 
2019/1/14, 10, 5, 22, 11, 
2019/1/15, 18, 10, 21, 18, 
2019/1/16, 32, 10, 27, 8, 
2019/1/17, 33, 6, 25, 13, 
2019/1/18, 24, 15, 14, 17, 
2019/1/19, 55, 26, 7, 19, 
2019/1/20, 81, 35, 8, 21, 
2019/1/21, 101, 39, 12, 21, 
2019/1/22, 110, 30, 15, 15, 
2019/1/23, 88, 40, 12, 16, 
2019/1/24, 115, 40, 18, 17, 
2019/1/25, 115, 17, 22, 13, 
2019/1/26, 59, 5, 29, 6, 
2019/1/27, 19, 4, 23, 9, 
2019/1/28, 15, 6, 23, 12, 
2019/1/29, 24, 10, 26, 13, 
2019/1/30, 34, 9, 22, 18, 
2019/1/31, 27, 10, 14, 20, 
2019/2/1, 34, 19, 5, 21, 
2019/2/2, 66, 23, 20, 10, 
2019/2/3, 75, 15, 18, 17, 
2019/2/4, 56, 20, 10, 26, 
2019/2/5, 63, 29, 9, 28, 
2019/2/6, 80, 30, 5, 28, 
2019/2/7, 80, 14, 26, 15, 
2019/2/8, 44, 8, 32, 8, 
2019/2/9, 24, 7, 35, 7, 
2019/2/10, 22, 4, 31, 5, 
2019/2/11, 12, 9, 23, 13, 
2019/2/12, 29, 15, 15, 23, 
2019/2/13, 48, 22, 11, 26, 
2019/2/14, 59, 29, 19, 25, 
2019/2/15, 71, 21, 16, 25, 
2019/2/16, 61, 26, 19, 22, 
2019/2/17, 74, 23, 19, 25, 
2019/2/18, 66, 26, 22, 23, 
2019/2/19, 64, 20, 25, 21, 
2019/2/20, 60, 27, 17, 24, 
2019/2/21, 70, 30, 28, 10, 
2019/2/22, 77, 14, 32, 6, 
2019/2/23, 48, 8, 30, 9, 
2019/2/24, 27, 11, 27, 17, 
2019/2/25, 33, 19, 17, 25, 
2019/2/26, 50, 25, 22, 25, 
2019/2/27, 61, 27, 41, 18, 
2019/2/28, 63, 15, 28, 8, 
2019/3/1, 42, 17, 28, 7, 
2019/3/2, 58, 10, 31, 5, 
2019/3/3, 37, 6, 37, 7, 
2019/3/4, 20, 4, 33, 7, 
2019/3/5, 10, 6, 23, 16, 
2019/3/6, 18, 9, 35, 10, 
2019/3/7, 25, 4, 34, 8, 
2019/3/8, 12, 5, 33, 4, 
2019/3/9, 14, 3, 39, 3, 
2019/3/10, 9, 6, 36, 4, 
2019/3/11, 15, 6, 34, 9, 
2019/3/12, 16, 5, 37, 4, 
2019/3/13, 13, 5, 33, 6, 
2019/3/14, 16, 4, 32, 5, 
2019/3/15, 13, 2, 24, 5, 
2019/3/16, 7, 4, 34, 4, 
2019/3/17, 11, 4, 32, 7, 
2019/3/18, 10, 8, 30, 17, 
2019/3/19, 28, 16, 33, 17, 
2019/3/20, 50, 14, 34, 16, 
2019/3/21, 42, 17, 32, 20, 
2019/3/22, 50, 31, 42, 20, 
2019/3/23, 78, 47, 32, 10, 
2019/3/24, 127, 30, 32, 7, 
2019/3/25, 86, 10, 29, 10, 
2019/3/26, 34, 16, 32, 11, 
2019/3/27, 54, 16, 30, 16, 
2019/3/28, 50, 13, 30, 8, 
2019/3/29, 44, 19, 39, 16, 
2019/3/30, 58, 27, 45, 16, 
2019/3/31, 72, 26, 38, 7, 
2018/11/3, 50, 14, 9, 13, 
2018/11/4, 62, 18, 9, 8, 
2018/11/5, 53, 15, 2, 13, 
2018/11/6, 63, 22, 1, 16, 
2018/11/7, 62, 21, 13, 20, 
2018/11/8, 46, 15, 13, 19, 
2018/11/9, 52, 16, 5, 16, 
2018/11/10, 70, 22, 4, 15, 
2018/11/11, 50, 14, 19, 12, 
2018/11/12, 28, 9, 8, 22, 
2018/11/13, 25, 10, 21, 17, 
2018/11/14, 31, 10, 8, 17, 
2018/11/15, 46, 12, 4, 12, 
2018/11/16, 54, 15, 14, 13, 
2018/11/17, 66, 20, 21, 8, 
2018/11/18, 59, 17, 21, 10, 
2018/11/19, 61, 18, 21, 10, 
2018/11/20, 62, 18, 18, 12, 
2018/11/21, 65, 20, 5, 13, 
2018/11/22, 69, 21, 3, 15, 
2018/11/23, 73, 24, 3, 16, 
2018/11/24, 57, 16, 13, 16, 
2018/11/25, 52, 14, 14, 13, 
2018/11/26, 57, 16, 11, 13, 
2018/11/27, 68, 21, 3, 14, 
2018/11/28, 72, 24, 3, 15, 
2018/11/29, 60, 18, 4, 17, 
2018/11/30, 62, 20, , 21, 
2018/12/1, 48, 14, 18, 14, 
2018/12/2, 24, 7, 21, 6, 
2018/12/3, 7, 3, 23, 8, 
2018/12/4, 10, 4, 26, 12, 
2018/12/5, 41, 11, 5, 16, 
2018/12/6, 46, 13, 11, 16, 
2018/12/7, 15, 5, 24, 8, 
2018/12/8, 9, 4, 30, 4, 
2018/12/9, 10, 3, 35, 3, 
2018/12/10, 14, 4, 27, 6, 
2018/12/11, 20, 6, 24, 10, 
2018/12/12, 47, 13, 9, 15, 
2018/12/13, 51, 13, 11, 9, 
2018/12/14, 62, 18, 13, 8, 
2018/12/15, 67, 20, 12, 10, 
2018/12/16, 74, 23, 7, 17, 
2018/12/17, 78, 26, 4, 22, 
2018/12/18, 46, 14, 10, 20, 
2018/12/19, 50, 14, 4, 23, 
2018/12/20, 36, 11, 22, 13, 
2018/12/21, 10, 3, 26, 6, 
2018/12/22, 6, 2, 29, 3, 
2018/12/23, 18, 6, 28, 5, 
2018/12/24, 11, 4, 23, 6, 
2018/12/25, 33, 8, 7, 13, 
2018/12/26, 58, 15, 9, 12, 
2018/12/27, 73, 22, 1, 17, 
2018/12/28, 81, 26, 4, 15, 
2018/12/29, 78, 24, 10, 14, 
2018/12/30, 59, 16, 19, 5, 
2025/11/5, , 21, 4, 12, 
2025/10/27, , 5, 25, 3, 
2024/12/31, , 41, 29, 10, 
2022/7/27, , 22, 48, 3, 
2021/3/29, , 19, 46, 16, 
2020/9/18, , 14, 36, 7, 
2020/3/31, , 13, 34, 8, 
2019/12/31, , 66, 6, 16, 
2018/12/31, , 39, 22, 7, 
2018/10/1, , 14, 24, 8, 
2018/10/2, , 10, 21, 5, 
2018/10/3, , 7, 23, 14, 
2018/10/4, , 11, 19, 20, 
2018/10/5, , 17, 28, 19, 
2018/10/6, , 18, 36, 15, 
2018/10/7, , 19, 36, 15, 
2018/10/8, , 20, 13, 14, 
2018/10/9, , 28, 28, 12, 
2018/10/10, , 30, 17, 11, 
2018/10/11, , 23, 20, 20, 
2018/10/12, , 22, 27, 21, 
2018/10/13, , 19, 33, 18, 
2018/10/14, , 19, 30, 14, 
2018/10/15, , 23, 22, 25, 
2018/10/16, , 30, 22, 27, 
2018/10/17, , 32, 27, 27, 
2018/10/18, , 35, 30, 23, 
2018/10/19, , 42, 23, 17, 
2018/10/20, , 54, 23, 19, 
2018/10/21, , 32, 30, 13, 
2018/10/22, , 16, 23, 19, 
2018/10/23, , 15, 25, 11, 
2018/10/24, , 15, 22, 6, 
2018/10/25, , 9, 15, 8, 
2018/10/26, , 12, 22, 10, 
2018/10/27, , 12, 22, 7, 
2018/10/28, , 8, 20, 5, 
2018/10/29, , 8, 5, 10, 
2018/10/30, , 11, 15, 9, 
2018/10/31, , 6, 15, 17, 
2018/11/1, , 12, 17, 15, 
2018/11/2, , 9, 16, 19, 
2018/7/1, , 12, 47, 5, 
2018/7/2, , 9, 75, 9, 
2018/7/3, , 12, 49, 17, 
2018/7/4, , 20, 28, 14, 
2018/7/5, , 17, 36, 7, 
2018/7/6, , 13, 58, 7, 
2018/7/7, , 19, 47, 5, 
2018/7/8, , 18, 50, 10, 
2018/7/9, , 10, 33, 6, 
2018/7/10, , 12, 35, 5, 
2018/7/11, , 11, 45, 6, 
2018/7/12, , 11, 57, 12, 
2018/7/13, , 13, 56, 10, 
2018/7/14, , 18, 53, 10, 
2018/7/15, , 23, 55, 8, 
2018/7/16, , 13, 63, 11, 
2018/7/17, , 12, 52, 8, 
2018/7/18, , 12, 59, 10, 
2018/7/19, , 15, 69, 13, 
2018/7/20, , 19, 39, 7, 
2018/7/21, , 16, 41, 7, 
2018/7/22, , 14, 60, 9, 
2018/7/23, , 22, 64, 11, 
2018/7/24, , 26, 64, 12, 
2018/7/25, , 21, 48, 9, 
2018/7/26, , 18, 65, 12, 
2018/7/27, , 17, 47, 8, 
2018/7/28, , 20, 46, 5, 
2018/7/29, , 15, 62, 12, 
2018/7/30, , 11, 71, 12, 
2018/7/31, , 16, 54, 8, 
2018/8/1, , 16, 69, 7, 
2018/8/2, , 14, 68, 10, 
2018/8/3, , 20, 74, 11, 
2018/8/4, , 23, 50, 5, 
2018/8/5, , 18, 68, 7, 
2018/8/6, , 10, 51, 10, 
2018/8/7, , 17, 48, 9, 
2018/8/8, , 18, 47, 9, 
2018/8/9, , 23, 35, 3, 
2018/8/10, , 12, 34, 6, 
2018/8/11, , 6, 46, 8, 
2018/8/12, , 6, 32, 10, 
2018/8/13, , 9, 32, 4, 
2018/8/14, , 6, 37, 8, 
2018/8/15, , 9, 51, 10, 
2018/8/16, , 13, 64, 11, 
2018/8/17, , 13, 53, 5, 
2018/8/18, , 17, 65, 7, 
2018/8/19, , 16, 36, 8, 
2018/8/20, , 12, 47, 10, 
2018/8/21, , 13, 71, 11, 
2018/8/22, , 17, 35, 19, 
2018/8/23, , 20, 23, 7, 
2018/8/24, , 15, 23, 5, 
2018/8/25, , 9, 31, 6, 
2018/8/26, , 6, 29, 9, 
2018/8/27, , 6, 44, 9, 
2018/8/28, , 10, 29, 16, 
2018/8/29, , 16, 37, 5, 
2018/8/30, , 11, 16, 14, 
2018/8/31, , 12, 36, 3, 
2018/9/1, , 12, 19, 6, 
2018/9/2, , 11, 23, 6, 
2018/9/3, , 13, 39, 10, 
2018/9/4, , 15, 48, 13, 
2018/9/5, , 21, 42, 11, 
2018/9/6, , 26, 34, 6, 
2018/9/7, , 19, 36, 8, 
2018/9/8, , 9, 42, 13, 
2018/9/9, , 9, 37, 17, 
2018/9/10, , 11, 46, 13, 
2018/9/11, , 15, 50, 17, 
2018/9/12, , 18, 32, 12, 
2018/9/13, , 18, 20, 11, 
2018/9/14, , 22, 40, 8, 
2018/9/15, , 18, 44, 11, 
2018/9/16, , 15, 49, 16, 
2018/9/17, , 15, 45, 14, 
2018/9/18, , 18, 42, 14, 
2018/9/19, , 15, 45, 20, 
2018/9/20, , 19, 37, 13, 
2018/9/21, , 22, 30, 5, 
2018/9/22, , 12, 22, 3, 
2018/9/23, , 6, 26, 6, 
2018/9/24, , 4, 29, 9, 
2018/9/25, , 7, 18, 18, 
2018/9/26, , 10, 27, 22, 
2018/9/27, , 14, 38, 20, 
2018/9/28, , 19, 28, 5, 
2018/9/29, , 14, 27, 14, 
2018/9/30, , 10, 22, 12, 
2018/4/1, , 6, 37, 9, 
2018/4/2, , 8, 38, 11, 
2018/4/3, , 12, 35, 11, 
2018/4/4, , 28, 33, 6, 
2018/4/5, , 10, 34, 9, 
2018/4/6, , 8, 37, 9, 
2018/4/7, , 14, 42, 9, 
2018/4/8, , 19, 30, 18, 
2018/4/9, , 20, 40, 9, 
2018/4/10, , 23, 41, 12, 
2018/4/11, , 11, 32, 13, 
2018/4/12, , 12, 29, 18, 
2018/4/13, , 18, 43, 13, 
2018/4/14, , 13, 42, 11, 
2018/4/15, , 11, 40, 11, 
2018/4/16, , 12, 44, 14, 
2018/4/17, , 12, 50, 12, 
2018/4/18, , 18, 47, 10, 
2018/4/19, , 20, 48, 15, 
2018/4/20, , 20, 62, 17, 
2018/4/21, , 24, 56, 14, 
2018/4/22, , 29, 31, 10, 
2018/4/23, , 19, 39, 9, 
2018/4/24, , 18, 36, 7, 
2018/4/25, , 18, 36, 5, 
2018/4/26, , 11, 39, 12, 
2018/4/27, , 10, 33, 8, 
2018/4/28, , 11, 43, 5, 
2018/4/29, , 11, 38, 5, 
2018/4/30, , 11, 35, 4, 
2018/5/1, , 5, 26, 16, 
2018/5/2, , 8, 35, 11, 
2018/5/3, , 14, 40, 7, 
2018/5/4, , 16, 46, 6, 
2018/5/5, , 16, 50, 5, 
2018/5/6, , 15, 47, 7, 
2018/5/7, , 12, 53, 8, 
2018/5/8, , 15, 51, 10, 
2018/5/9, , 16, 33, 9, 
2018/5/10, , 16, 38, 6, 
2018/5/11, , 11, 34, 10, 
2018/5/12, , 20, 27, 4, 
2018/5/13, , 12, 11, 9, 
2018/5/14, , 11, 43, 8, 
2018/5/15, , 19, 30, 10, 
2018/5/16, , 15, 24, 9, 
2018/5/17, , 17, 42, 10, 
2018/5/18, , 23, 39, 8, 
2018/5/19, , 21, 29, 6, 
2018/5/20, , 16, 47, 4, 
2018/5/21, , 13, 44, 11, 
2018/5/22, , 10, 45, 9, 
2018/5/23, , 11, 34, 13, 
2018/5/24, , 16, 49, 9, 
2018/5/25, , 14, 50, 6, 
2018/5/26, , 10, 53, 9, 
2018/5/27, , 10, 53, 11, 
2018/5/28, , 16, 35, 9, 
2018/5/29, , 19, 45, 10, 
2018/5/30, , 18, 42, 6, 
2018/5/31, , 15, 41, 4, 
2018/6/1, , 11, 39, 5, 
2018/6/2, , 8, 46, 7, 
2018/6/3, , 9, 52, 10, 
2018/6/4, , 11, 56, 10, 
2018/6/5, , 15, 60, 8, 
2018/6/6, , 19, 57, 6, 
2018/6/7, , 17, 55, 8, 
2018/6/8, , 17, 51, 6, 
2018/6/9, , 19, 50, 7, 
2018/6/10, , 21, 32, 9, 
2018/6/11, , 15, 23, 7, 
2018/6/12, , 16, 25, 6, 
2018/6/13, , 15, 37, 8, 
2018/6/14, , 10, 45, 13, 
2018/6/15, , 13, 58, 9, 
2018/6/16, , 16, 38, 5, 
2018/6/17, , 12, 38, 5, 
2018/6/18, , 10, 37, 6, 
2018/6/19, , 10, 46, 8, 
2018/6/20, , 9, 37, 11, 
2018/6/21, , 12, 30, 5, 
2018/6/22, , 14, 35, 6, 
2018/6/23, , 11, 38, 5, 
2018/6/24, , 11, 31, 5, 
2018/6/25, , 8, 30, 8, 
2018/6/26, , 8, 39, 9, 
2018/6/27, , 14, 35, 11, 
2018/6/28, , 12, 45, 7, 
2018/6/29, , 17, 53, 11, 
2018/6/30, , 21, 42, 3, 
2018/1/1, , 9, 27, 6, 
2018/1/2, , 3, 32, 2, 
2018/1/3, , 5, 21, 10, 
2018/1/4, , 6, 23, 14, 
2018/1/5, , 4, 13, 13, 
2018/1/6, , 6, 10, 5, 
2018/1/7, , 13, 8, 6, 
2018/1/8, , 14, 1, 17, 
2018/1/9, , 19, 5, 22, 
2018/1/10, , 27, 4, 18, 
2018/1/11, , 20, 8, 12, 
2018/1/12, , 17, 11, 8, 
2018/1/13, , 18, 11, 6, 
2018/1/14, , 16, 5, 19, 
2018/1/15, , 18, 29, 5, 
2018/1/16, , 9, 30, 4, 
2018/1/17, , 2, 26, 5, 
2018/1/18, , 4, 28, 8, 
2018/1/19, , 4, 20, 12, 
2018/1/20, , 4, 23, 9, 
2018/1/21, , 6, 10, 22, 
2018/1/22, , 9, 20, 13, 
2018/1/23, , 9, 13, 17, 
2018/1/24, , 8, 14, 20, 
2018/1/25, , 9, 19, 12, 
2018/1/26, , 12, 12, 15, 
2018/1/27, , 13, 21, 4, 
2018/1/28, , 16, 20, 8, 
2018/1/29, , 5, 15, 17, 
2018/1/30, , 4, 19, 8, 
2018/1/31, , 8, 24, 11, 
2018/2/1, , 3, 17, 14, 
2018/2/2, , 6, 20, 7, 
2018/2/3, , 9, 13, 9, 
2018/2/4, , 11, 15, 10, 
2018/2/5, , 17, 10, 13, 
2018/2/6, , 23, 7, 18, 
2018/2/7, , 33, 5, 19, 
2018/2/8, , 45, 9, 20, 
2018/2/9, , 53, 17, 12, 
2018/2/10, , 39, 25, 6, 
2018/2/11, , 13, 23, 8, 
2018/2/12, , 5, 23, 16, 
2018/2/13, , 9, 16, 17, 
2018/2/14, , 17, 8, 25, 
2018/2/15, , 22, , 18, 
2018/2/16, , 14, , 15, 
2018/2/17, , 15, , 12, 
2018/2/18, , 21, 15, 12, 
2018/2/19, , 23, 18, 15, 
2018/2/20, , 28, 23, 13, 
2018/2/21, , 39, 23, 9, 
2018/2/22, , 38, 24, 10, 
2018/2/23, , 22, 30, 6, 
2018/2/24, , 29, 30, 5, 
2018/2/25, , 18, 26, 8, 
2018/2/26, , 15, 24, 11, 
2018/2/27, , 20, 28, 11, 
2018/2/28, , 32, 26, 10, 
2018/3/1, , 31, 31, 12, 
2018/3/2, , 42, 24, 17, 
2018/3/3, , 55, 29, 15, 
2018/3/4, , 33, 30, 17, 
2018/3/5, , 15, 19, 23, 
2018/3/6, , 36, 29, 14, 
2018/3/7, , 30, 31, 10, 
2018/3/8, , 6, 22, 22, 
2018/3/9, , 10, 20, 18, 
2018/3/10, , 13, 16, 18, 
2018/3/11, , 9, 30, 12, 
2018/3/12, , 9, 28, 7, 
2018/3/13, , 4, 31, 10, 
2018/3/14, , 7, 20, 13, 
2018/3/15, , 12, 32, 14, 
2018/3/16, , 13, 17, 11, 
2018/3/20, , 23, 31, 17, 
2018/3/21, , 16, 25, 24, 
2018/3/22, , 17, 18, 17, 
2018/3/23, , 16, 34, 10, 
2018/3/24, , 16, 32, 16, 
2018/3/25, , 22, 24, 18, 
2018/3/26, , 30, 34, 14, 
2018/3/27, , 32, 29, 8, 
2018/3/28, , 16, 36, 10, 
2018/3/29, , 6, 33, 12, 
2018/3/30, , 9, 37, 7, 
2018/3/31, , 7, 31, 5, 
2017/10/1, , 8, 10, 13, 
2017/10/2, , 8, 26, 3, 
2017/10/3, , 5, 23, 11, 
2017/10/4, , 8, 28, 9, 
2017/10/5, , 9, 12, 10, 
2017/10/6, , 7, 20, 7, 
2017/10/8, , 5, 19, 10, 
2017/10/9, , 7, 11, 14, 
2017/10/10, , 9, 17, 13, 
2017/10/11, , 8, 18, 11, 
2017/10/12, , 11, 18, 16, 
2017/10/13, , 11, 25, 10, 
2017/10/14, , 14, 21, 12, 
2017/10/15, , 18, 14, 21, 
2017/10/16, , 20, 14, 22, 
2017/10/17, , 28, 19, 20, 
2017/10/18, , 28, 10, 25, 
2017/10/19, , 24, 16, 17, 
2017/10/20, , 27, 22, 10, 
2017/10/21, , 14, 26, 4, 
2017/10/22, , 7, 19, 8, 
2017/10/23, , 7, 12, 16, 
2017/10/24, , 6, 10, 15, 
2017/10/25, , 9, 9, 12, 
2017/10/26, , 11, 19, 9, 
2017/10/27, , 14, 22, 7, 
2017/10/28, , 10, 26, 2, 
2017/10/29, , 6, 19, 12, 
2017/10/30, , 10, 18, 13, 
2017/10/31, , 15, 6, 15, 
2017/11/1, , 19, 16, 16, 
2017/11/2, , 18, 13, 14, 
2017/11/3, , 21, 5, 20, 
2017/11/4, , 21, 18, 10, 
2017/11/5, , 15, 14, 12, 
2017/11/6, , 10, 3, 15, 
2017/11/7, , 13, 1, 12, 
2017/11/8, , 18, 1, 10, 
2017/11/9, , 11, 10, 12, 
2017/11/10, , 12, 20, 7, 
2017/11/11, , 6, 19, 7, 
2017/11/13, , 7, 7, 15, 
2017/11/14, , 14, 2, 15, 
2017/11/15, , 18, 7, 13, 
2017/11/16, , 18, , 15, 
2017/11/17, , 25, 22, 8, 
2017/11/18, , 26, 23, 4, 
2017/11/19, , 8, 12, 16, 
2017/11/20, , 8, 12, 16, 
2017/11/21, , 6, , 21, 
2017/11/22, , 15, 15, 17, 
2017/11/23, , 18, 20, 11, 
2017/11/24, , 12, 24, 6, 
2017/11/25, , 5, 21, 4, 
2017/11/26, , 6, 20, 10, 
2017/11/27, , 6, 20, 13, 
2017/11/28, , 3, 13, 18, 
2017/11/29, , 6, 11, 12, 
2017/11/30, , 10, 14, 16, 
2017/12/1, , 9, 6, 12, 
2017/12/2, , 18, 13, 10, 
2017/12/3, , 22, 7, 12, 
2017/12/4, , 14, 11, 15, 
2017/12/5, , 10, 18, 16, 
2017/12/6, , 14, 14, 17, 
2017/12/7, , 16, 22, 7, 
2017/12/8, , 9, 24, 5, 
2017/12/9, , 7, 23, 9, 
2017/12/10, , 7, 13, 19, 
2017/12/11, , 4, 20, 12, 
2017/12/12, , 3, 18, 13, 
2017/12/13, , 9, 31, 6, 
2017/12/14, , 5, 24, 15, 
2017/12/16, , 5, 19, 5, 
2017/12/19, , 18, 1, 17, 
2017/12/20, , 14, 4, 12, 
2017/12/21, , 10, 2, 13, 
2017/12/22, , 6, 18, 6, 
2017/12/23, , 7, 20, 4, 
2017/12/24, , 4, 13, 9, 
2017/12/25, , 6, 21, 11, 
2017/12/26, , 11, 4, 24, 
2017/12/27, , 7, 18, 5, 
2017/12/28, , 5, 20, 9, 
2017/12/29, , 6, 23, 7, 
2017/12/30, , 4, , , 
2017/7/1, , 3, 29, 2, 
2017/7/2, , 6, 35, 3, 
2017/7/3, , 9, 46, 5, 
2017/7/4, , 9, 56, 9, 
2017/7/5, , 15, 64, 11, 
2017/7/6, , 18, 54, 8, 
2017/7/7, , 18, 63, 5, 
2017/7/8, , 20, 37, 3, 
2017/7/9, , 17, 31, 6, 
2017/7/10, , 16, 26, 5, 
2017/7/11, , 10, 22, 4, 
2017/7/12, , 8, 37, 4, 
2017/7/13, , 8, 39, 8, 
2017/7/14, , 10, 30, 2, 
2017/7/15, , 9, 39, 4, 
2017/7/16, , 10, 38, 8, 
2017/7/17, , 11, 48, 6, 
2017/7/18, , 15, 69, 10, 
2017/7/19, , 16, 29, 10, 
2017/7/20, , 19, 40, 8, 
2017/7/21, , 13, 42, 4, 
2017/7/22, , 10, 28, 1, 
2017/7/23, , 9, 29, 6, 
2017/7/24, , 7, 21, 6, 
2017/7/25, , 5, 24, 5, 
2017/7/26, , 6, 17, 8, 
2017/7/27, , 8, 34, 5, 
2017/7/28, , 8, 35, 4, 
2017/7/29, , 12, 36, 4, 
2017/7/30, , 10, 32, 9, 
2017/7/31, , 12, 41, 7, 
2017/8/1, , 17, 40, 7, 
2017/8/2, , 15, 37, 11, 
2017/8/3, , 20, 34, 6, 
2017/8/4, , 13, 27, 5, 
2017/8/5, , 10, 40, 3, 
2017/8/6, , 6, 44, 5, 
2017/8/7, , 8, 33, 9, 
2017/8/8, , 12, 35, 9, 
2017/8/9, , 8, 28, 7, 
2017/8/10, , 6, 20, 7, 
2017/8/11, , 6, 26, 4, 
2017/8/12, , 9, 22, 3, 
2017/8/13, , 7, 35, 5, 
2017/8/14, , 7, 36, 10, 
2017/8/15, , 11, 34, 8, 
2017/8/16, , 14, 38, 11, 
2017/8/17, , 15, 33, 8, 
2017/8/18, , 17, 31, 2, 
2017/8/19, , 7, 31, 3, 
2017/8/20, , 6, 34, 9, 
2017/8/21, , 8, 42, 8, 
2017/8/22, , 10, 51, 8, 
2017/8/23, , 11, 34, 9, 
2017/8/24, , 16, 37, 12, 
2017/8/25, , 13, 46, 7, 
2017/8/26, , 19, 44, 5, 
2017/8/27, , 20, 35, 10, 
2017/8/28, , 20, 54, 8, 
2017/8/29, , 20, 46, 11, 
2017/8/30, , 21, 19, 8, 
2017/8/31, , 16, 19, 8, 
2017/9/1, , 8, 26, 6, 
2017/9/2, , 11, 33, 3, 
2017/9/3, , 10, 28, 11, 
2017/9/4, , 10, 29, 12, 
2017/9/5, , 9, , , 
2017/9/11, , 5, 23, 7, 
2017/9/13, , 5, 25, 6, 
2017/9/14, , 4, 23, 11, 
2017/9/15, , 4, 17, 12, 
2017/9/16, , 7, 25, 6, 
2017/9/17, , 7, 19, 12, 
2017/9/18, , 4, 19, 10, 
2017/9/19, , 7, 28, 8, 
2017/9/20, , 9, 30, 10, 
2017/9/21, , 15, 25, 17, 
2017/9/22, , 14, 30, 14, 
2017/9/23, , 19, 26, 8, 
2017/9/24, , 20, 30, 10, 
2017/9/25, , 15, 25, 12, 
2017/9/26, , 17, 18, 18, 
2017/9/27, , 20, 17, 19, 
2017/9/28, , 21, 15, 18, 
2017/9/29, , 19, 29, 9, 
2017/9/30, , 19, 30, 4, 
2017/4/1, , 21, 34, 3, 
2017/4/2, , 9, 38, 11, 
2017/4/3, , 20, 34, 10, 
2017/4/4, , 26, 35, 13, 
2017/4/5, , 19, 33, 7, 
2017/4/6, , 20, 29, 11, 
2017/4/7, , 22, 38, 10, 
2017/4/8, , 35, 45, 9, 
2017/4/9, , 32, 48, 12, 
2017/4/10, , 23, 24, 11, 
2017/4/11, , 20, 38, 11, 
2017/4/12, , 22, 34, 5, 
2017/4/13, , 17, 38, 5, 
2017/4/14, , 12, 34, 5, 
2017/4/15, , 11, 34, 4, 
2017/4/16, , 11, 29, 5, 
2017/4/17, , 9, 32, 5, 
2017/4/18, , 8, 32, 6, 
2017/4/19, , 9, 38, 11, 
2017/4/20, , 12, 41, 14, 
2017/4/21, , 19, 24, 8, 
2017/4/22, , 20, 37, 3, 
2017/4/23, , 12, 35, 13, 
2017/4/24, , 13, 30, 13, 
2017/4/25, , 17, 21, 9, 
2017/4/26, , 11, 26, 8, 
2017/4/27, , 16, 32, 9, 
2017/4/28, , 19, 37, 6, 
2017/4/29, , 16, 43, 5, 
2017/4/30, , 11, 36, 5, 
2017/5/1, , 8, 29, 9, 
2017/5/2, , 6, 33, 9, 
2017/5/3, , 13, 28, 11, 
2017/5/4, , 21, 35, 9, 
2017/5/5, , 19, 38, 5, 
2017/5/6, , 12, 21, 4, 
2017/5/7, , 5, 21, 8, 
2017/5/8, , 16, 32, 7, 
2017/5/9, , 19, 40, 8, 
2017/5/10, , 13, 41, 13, 
2017/5/11, , 12, 36, 9, 
2017/5/12, , 8, 36, 6, 
2017/5/13, , 6, 34, 4, 
2017/5/14, , 4, 42, 7, 
2017/5/15, , 5, 55, 10, 
2017/5/16, , 10, 53, 7, 
2017/5/17, , 12, 40, 9, 
2017/5/18, , 11, 24, 6, 
2017/5/19, , 11, 25, 5, 
2017/5/20, , 4, 38, 4, 
2017/5/21, , 7, 44, 5, 
2017/5/22, , 8, 51, 12, 
2017/5/23, , 16, 41, 5, 
2017/5/24, , 9, 41, 2, 
2017/5/25, , 13, 43, 4, 
2017/5/26, , 11, 49, 3, 
2017/5/27, , 9, 63, 5, 
2017/5/28, , 10, 68, 11, 
2017/5/29, , 13, 48, 11, 
2017/5/30, , 16, 42, 5, 
2017/5/31, , 14, 50, 10, 
2017/6/1, , 14, 52, 8, 
2017/6/2, , 11, 47, 6, 
2017/6/3, , 13, 31, 1, 
2017/6/4, , 10, 32, 3, 
2017/6/5, , 10, 29, 5, 
2017/6/6, , 13, 26, 3, 
2017/6/7, , 5, 37, 8, 
2017/6/8, , 6, 34, 9, 
2017/6/9, , 10, 41, 5, 
2017/6/10, , 9, 48, 4, 
2017/6/11, , 9, 37, 5, 
2017/6/12, , 9, 47, 7, 
2017/6/13, , 9, 52, 5, 
2017/6/14, , 13, 65, 5, 
2017/6/15, , 14, 39, 2, 
2017/6/16, , 10, 36, 3, 
2017/6/17, , 10, 40, 2, 
2017/6/18, , 9, 64, 5, 
2017/6/19, , 7, 83, 12, 
2017/6/20, , 15, 80, 11, 
2017/6/21, , 20, 74, 12, 
2017/6/22, , 23, 48, 4, 
2017/6/23, , 20, 44, 3, 
2017/6/24, , 19, 35, 2, 
2017/6/25, , 11, 42, 5, 
2017/6/26, , 7, 40, 6, 
2017/6/27, , 8, 40, 5, 
2017/6/28, , 9, 12, 7, 
2017/6/29, , 5, 30, 2, 
2017/1/2, , 67, 16, 13, 
2017/1/3, , 18, 20, 6, 
2017/1/4, , 8, 20, 10, 
2017/1/5, , 8, 20, 12, 
2017/1/6, , 11, 8, 25, 
2017/1/7, , 24, 15, 11, 
2017/1/8, , 22, 3, 25, 
2017/1/9, , 36, 8, 24, 
2017/1/10, , 22, 18, 16, 
2017/1/11, , 26, 20, 19, 
2017/1/12, , 8, 27, 6, 
2017/1/13, , 6, 24, 7, 
2017/1/14, , 6, 23, 8, 
2017/1/15, , 9, 13, 21, 
2017/1/16, , 15, 19, 15, 
2017/1/17, , 14, 23, 11, 
2017/1/18, , 14, 9, 23, 
2017/1/19, , 30, 12, 28, 
2017/1/20, , 35, 6, 31, 
2017/1/21, , 51, 6, 32, 
2017/1/22, , 61, , , 
2017/1/24, , 81, 15, 16, 
2017/1/25, , 51, 18, 17, 
2017/1/26, , 26, 3, 33, 
2017/1/27, , 42, 4, 35, 
2017/1/28, , 53, 5, 32, 
2017/1/29, , 54, 9, 29, 
2017/1/30, , 36, 10, 19, 
2017/1/31, , 10, 5, 18, 
2017/2/1, , 19, 1, 24, 
2017/2/2, , 20, 7, 26, 
2017/2/3, , 21, 21, 16, 
2017/2/4, , 11, 19, 19, 
2017/2/5, , 5, 15, 19, 
2017/2/6, , 13, 12, 23, 
2017/2/7, , 27, 11, 14, 
2017/2/8, , 32, 14, 16, 
2017/2/9, , 34, 10, 16, 
2017/2/10, , 41, 9, 20, 
2017/2/11, , 43, 13, 9, 
2017/2/12, , 41, 19, 15, 
2017/2/13, , 33, 10, 26, 
2017/2/14, , 38, 5, 30, 
2017/2/15, , 51, 8, 26, 
2017/2/16, , 50, 25, 14, 
2017/2/17, , 25, 19, 15, 
2017/2/18, , 15, 23, 12, 
2017/2/19, , 24, 22, 15, 
2017/2/20, , 17, 14, 9, 
2017/2/21, , 7, 19, 10, 
2017/2/22, , 4, 28, 10, 
2017/2/23, , 6, 28, 10, 
2017/2/24, , 5, 23, 17, 
2017/2/25, , 13, 22, 18, 
2017/2/26, , 15, 32, 17, 
2017/2/27, , 13, 33, 8, 
2017/2/28, , 7, 28, 10, 
2017/3/1, , 2, 33, 5, 
2017/3/2, , 5, 16, 22, 
2017/3/3, , 13, 20, 18, 
2017/3/4, , 17, 33, 4, 
2017/3/5, , 6, 31, 8, 
2017/3/6, , 4, 22, 11, 
2017/3/7, , 9, 23, 15, 
2017/3/8, , 11, 20, 8, 
2017/3/9, , 4, 30, 9, 
2017/3/10, , 7, 27, 12, 
2017/3/11, , 11, 33, 5, 
2017/3/12, , 10, 26, 14, 
2017/3/13, , 14, 23, 21, 
2017/3/14, , 28, 22, 19, 
2017/3/15, , 35, 31, 14, 
2017/3/16, , 35, 33, 14, 
2017/3/17, , 29, 27, 3, 
2017/3/18, , 16, 21, 2, 
2017/3/19, , 2, 27, 7, 
2017/3/20, , 6, 26, 7, 
2017/3/21, , 5, 23, 9, 
2017/3/22, , 6, 17, 7, 
2017/3/23, , 15, 16, 7, 
2017/3/24, , 19, 35, 4, 
2017/3/25, , 25, 36, 4, 
2017/3/26, , 14, 34, 11, 
2017/3/27, , 11, 37, 16, 
2017/3/28, , 18, 42, 9, 
2017/3/29, , 18, 37, 15, 
2017/3/30, , 13, 41, 17, 
2017/3/31, , 19, 42, 13, 
2016/10/1, , 20, 19, 5, 
2016/10/2, , 5, 18, 5, 
2016/10/3, , 5, 7, 11, 
2016/10/4, , 14, 19, 7, 
2016/10/5, , 7, 8, 12, 
2016/10/6, , 7, 6, 9, 
2016/10/7, , 9, 4, 9, 
2016/10/8, , 10, 19, 7, 
2016/10/9, , 21, , , 
2016/10/10, , 17, 11, 12, 
2016/10/11, , 16, 18, 10, 
2016/10/12, , 15, 12, 9, 
2016/10/13, , 15, 3, 12, 
2016/10/14, , 15, 9, 10, 
2016/10/15, , 21, 21, 9, 
2016/10/16, , 11, 9, 18, 
2016/10/17, , 19, 11, 16, 
2016/10/18, , 18, 23, 7, 
2016/10/19, , 9, 13, 13, 
2016/10/20, , 4, 14, 12, 
2016/10/21, , 8, 20, 11, 
2016/10/22, , 15, 6, 13, 
2016/10/23, , 19, , 19, 
2016/10/24, , 22, 13, 12, 
2016/10/25, , 13, 5, 15, 
2016/10/26, , 19, 3, 19, 
2016/10/27, , 26, 8, 19, 
2016/10/28, , 34, 14, 14, 
2016/10/29, , 25, 11, 11, 
2016/10/30, , 30, 17, 12, 
2016/10/31, , 20, 5, 15, 
2016/11/1, , 21, 18, 11, 
2016/11/2, , 23, 7, 21, 
2016/11/3, , 12, 3, 21, 
2016/11/4, , 25, 7, 16, 
2016/11/5, , 30, 19, 8, 
2016/11/6, , 16, 12, 21, 
2016/11/7, , 12, 5, 21, 
2016/11/8, , 18, 11, 16, 
2016/11/9, , 15, 20, 15, 
2016/11/10, , 7, 17, 12, 
2016/11/11, , 5, 11, 10, 
2016/11/12, , 19, 8, 9, 
2016/11/13, , 26, 6, 18, 
2016/11/14, , 23, 2, 21, 
2016/11/15, , 27, 1, 21, 
2016/11/16, , 16, 17, 10, 
2016/11/17, , 5, 24, 8, 
2016/11/18, , 3, 21, 13, 
2016/11/19, , 4, 22, 12, 
2016/11/20, , 6, , 29, 
2016/11/21, , 13, , 30, 
2016/11/22, , 24, , 20, 
2016/11/23, , 31, 3, 10, 
2016/11/24, , 30, 11, 11, 
2016/11/25, , 17, 3, 10, 
2016/11/26, , 22, 11, 13, 
2016/11/27, , 26, 19, 12, 
2016/11/28, , 13, 13, 18, 
2016/11/29, , 10, 1, 31, 
2016/11/30, , 26, 12, 21, 
2016/12/1, , 34, 13, 16, 
2016/12/2, , 17, 18, 13, 
2016/12/3, , 17, 8, 14, 
2016/12/4, , 17, 2, 19, 
2016/12/5, , 24, , 21, 
2016/12/6, , 49, , 24, 
2016/12/7, , 40, , 32, 
2016/12/8, , 44, , 36, 
2016/12/9, , 45, 3, 30, 
2016/12/10, , 41, 19, 9, 
2016/12/11, , 29, 14, 16, 
2016/12/12, , 14, , 26, 
2016/12/13, , 25, , 27, 
2016/12/14, , 34, 6, 19, 
2016/12/15, , 32, 5, 15, 
2016/12/16, , 17, , 17, 
2016/12/17, , 25, 2, 16, 
2016/12/18, , 33, 7, 14, 
2016/12/19, , 25, 5, 16, 
2016/12/20, , 25, , 22, 
2016/12/21, , 38, , 24, 
2016/12/22, , 53, 1, 19, 
2016/12/23, , 46, 21, 7, 
2016/12/24, , 14, 25, 9, 
2016/12/25, , 8, 21, 7, 
2016/12/26, , 9, 18, 15, 
2016/12/27, , 7, 12, 23, 
2016/12/28, , 15, 9, 19, 
2016/12/29, , 26, 1, 22, 
2016/12/30, , 25, , 21, 
2016/12/31, , 46, , 22, 
2017/1/1, , 100, 7, 17, 
2016/7/1, , 8, 25, 2, 
2016/7/2, , 7, 26, 3, 
2016/7/3, , 6, 35, 6, 
2016/7/4, , 9, 33, 5, 
2016/7/5, , 9, 42, 2, 
2016/7/6, , 5, 48, 5, 
2016/7/7, , 9, 53, 6, 
2016/7/8, , 11, 32, 1, 
2016/7/9, , 10, , , 
2016/7/11, , 9, 18, 7, 
2016/7/12, , 11, 25, 5, 
2016/7/13, , 9, 30, 4, 
2016/7/14, , 6, 30, 4, 
2016/7/15, , 6, 43, 5, 
2016/7/16, , 8, 29, 3, 
2016/7/17, , 9, 40, 6, 
2016/7/18, , 7, 47, 7, 
2016/7/19, , 11, 66, 6, 
2016/7/20, , 11, 38, 6, 
2016/7/21, , 12, 49, 6, 
2016/7/22, , 12, 44, 4, 
2016/7/23, , 17, 43, 3, 
2016/7/24, , 13, 56, 6, 
2016/7/25, , 14, 45, 7, 
2016/7/26, , 17, 37, 5, 
2016/7/27, , 10, 38, 8, 
2016/7/28, , 12, 29, 4, 
2016/7/29, , 10, 35, 4, 
2016/7/30, , 7, 29, 3, 
2016/7/31, , 10, 42, 6, 
2016/8/1, , 7, 25, 9, 
2016/8/2, , 9, 29, 5, 
2016/8/3, , 6, 30, 8, 
2016/8/4, , 14, 18, 6, 
2016/8/5, , 9, 33, 4, 
2016/8/6, , 10, 52, 4, 
2016/8/11, , 8, 22, 8, 
2016/8/12, , 9, 36, 4, 
2016/8/13, , 15, 44, 5, 
2016/8/14, , 16, 44, 7, 
2016/8/15, , 14, 48, 6, 
2016/8/16, , 18, 46, 7, 
2016/8/17, , 17, 44, 9, 
2016/8/18, , 19, 44, 6, 
2016/8/19, , 19, 27, 6, 
2016/8/20, , 12, 29, 2, 
2016/8/21, , 7, 30, 5, 
2016/8/22, , 8, 37, 5, 
2016/8/23, , 10, 42, 5, 
2016/8/24, , 8, 49, 4, 
2016/8/25, , 11, 79, 8, 
2016/8/26, , 18, 75, 6, 
2016/8/27, , 21, 55, 5, 
2016/8/28, , 15, 35, 5, 
2016/8/29, , 12, 39, 6, 
2016/8/31, , 13, 56, 6, 
2016/9/1, , 21, 46, 9, 
2016/9/2, , 19, 51, 9, 
2016/9/3, , 17, 31, 7, 
2016/9/4, , 19, 23, 6, 
2016/9/5, , 10, 34, 7, 
2016/9/6, , 11, 33, 5, 
2016/9/7, , 9, 51, 10, 
2016/9/8, , 17, 60, 10, 
2016/9/9, , 17, 66, 11, 
2016/9/10, , 27, 60, 7, 
2016/9/11, , 22, 54, 11, 
2016/9/12, , 21, 57, 10, 
2016/9/13, , 25, 56, 8, 
2016/9/14, , 32, 39, 9, 
2016/9/15, , 31, 28, 10, 
2016/9/16, , 10, 31, 6, 
2016/9/17, , 8, 15, 6, 
2016/9/18, , 11, 17, 10, 
2016/9/19, , 28, 9, 11, 
2016/9/20, , 23, 28, 10, 
2016/9/21, , 28, 33, 10, 
2016/9/22, , 25, 37, 12, 
2016/9/23, , 19, 41, 7, 
2016/9/24, , 25, 44, 9, 
2016/9/25, , 22, 11, 13, 
2016/9/26, , 19, 29, 14, 
2016/9/27, , 22, 32, 12, 
2016/9/28, , 18, 34, 11, 
2016/9/29, , 15, 27, 12, 
2016/9/30, , 13, 14, 13, 
2016/4/1, , 13, 10, 9, 
2016/4/2, , 16, 14, 13, 
2016/4/3, , 28, 21, 13, 
2016/4/4, , 24, 22, 12, 
2016/4/5, , 12, 27, 9, 
2016/4/6, , 7, 29, 10, 
2016/4/7, , 6, 21, 15, 
2016/4/8, , 7, 20, 11, 
2016/4/9, , 10, 26, 5, 
2016/4/10, , 21, 27, 9, 
2016/4/11, , 23, 26, 10, 
2016/4/12, , 19, 17, 15, 
2016/4/13, , 7, 24, 11, 
2016/4/14, , 11, 31, 9, 
2016/4/15, , 7, 24, 8, 
2016/4/16, , 3, 29, 4, 
2016/4/17, , 4, 20, 12, 
2016/4/18, , 11, 30, 10, 
2016/4/19, , 11, 25, 10, 
2016/4/20, , 14, 28, 10, 
2016/4/21, , 12, 18, 16, 
2016/4/22, , 20, 19, 7, 
2016/4/23, , 20, 30, 4, 
2016/4/24, , 9, 26, 6, 
2016/4/25, , 6, 31, 6, 
2016/4/26, , 4, 32, 6, 
2016/4/27, , 5, 23, 12, 
2016/4/28, , 6, 26, 11, 
2016/4/29, , 9, 26, 12, 
2016/4/30, , 10, 44, 3, 
2016/5/1, , 14, 49, 6, 
2016/5/2, , 17, 26, 8, 
2016/5/3, , 17, 37, 8, 
2016/5/4, , 11, 40, 1, 
2016/5/5, , 6, 46, 5, 
2016/5/6, , 11, 55, 5, 
2016/5/7, , 13, 54, 2, 
2016/5/8, , 10, 52, 4, 
2016/5/9, , 9, 27, 10, 
2016/5/10, , 13, 37, 4, 
2016/5/11, , 18, 21, 8, 
2016/5/12, , 13, 31, 10, 
2016/5/13, , 16, 32, 4, 
2016/5/14, , 20, 35, 2, 
2016/5/15, , 10, 30, 4, 
2016/5/16, , 7, 38, 6, 
2016/5/17, , 9, 40, 7, 
2016/5/18, , 10, 28, 4, 
2016/5/19, , 6, 41, 5, 
2016/5/20, , 6, 48, 6, 
2016/5/21, , 9, 45, 3, 
2016/5/22, , 10, 23, 5, 
2016/5/23, , 4, 18, 7, 
2016/5/24, , 6, 22, 8, 
2016/5/25, , 15, 45, 4, 
2016/5/26, , 15, 42, 6, 
2016/5/27, , 10, 33, 6, 
2016/5/28, , 16, 31, 3, 
2016/5/29, , 16, 30, 4, 
2016/5/30, , 5, 37, 4, 
2016/5/31, , 2, 32, 4, 
2016/6/1, , 3, 29, 5, 
2016/6/2, , 4, 27, 6, 
2016/6/3, , 6, 33, 5, 
2016/6/4, , 12, 31, 4, 
2016/6/5, , 10, 49, 5, 
2016/6/6, , 26, 50, 5, 
2016/6/7, , 15, 32, 9, 
2016/6/8, , 10, 39, 3, 
2016/6/9, , 15, 48, 6, 
2016/6/10, , 14, 38, 6, 
2016/6/11, , 13, 35, 2, 
2016/6/12, , 6, 26, 4, 
2016/6/13, , 6, 20, 5, 
2016/6/14, , 6, 22, 6, 
2016/6/15, , 4, 14, 10, 
2016/6/16, , 5, 22, 5, 
2016/6/17, , 4, 35, 3, 
2016/6/18, , 4, 32, 1, 
2016/6/19, , 5, 38, 5, 
2016/6/20, , 6, 23, 5, 
2016/6/21, , 5, 39, 5, 
2016/6/22, , 5, 55, 4, 
2016/6/23, , 7, 82, 7, 
2016/6/24, , 13, 34, 3, 
2016/6/25, , 10, 32, 1, 
2016/6/26, , 8, 35, 3, 
2016/6/27, , 5, 21, 5, 
2016/6/28, , 7, 30, 3, 
2016/6/29, , 5, 28, 5, 
2016/6/30, , 6, 33, 4, 
2016/1/4, , 10, 14, 13, 
2016/1/5, , 4, 15, 10, 
2016/1/6, , 3, 10, 13, 
2016/1/7, , 6, 11, 18, 
2016/1/8, , 5, 1, 19, 
2016/1/9, , 13, 18, 8, 
2016/1/10, , 14, 17, 14, 
2016/1/11, , 2, 18, 10, 
2016/1/13, , 3, 9, 18, 
2016/1/14, , 6, 22, 7, 
2016/1/15, , 5, 13, 9, 
2016/1/16, , 10, 22, 6, 
2016/1/17, , 8, 8, 17, 
2016/1/18, , 13, 2, 22, 
2016/1/19, , 24, 1, 29, 
2016/1/20, , 35, 4, 25, 
2016/1/21, , 34, 4, 23, 
2016/1/22, , 27, 10, 15, 
2016/1/23, , 26, 1, 19, 
2016/1/24, , 16, 3, 24, 
2016/1/25, , 18, 2, 28, 
2016/1/26, , 18, 18, 12, 
2016/1/27, , 14, 13, 18, 
2016/1/28, , 10, 18, 13, 
2016/1/29, , 6, 22, 7, 
2016/1/30, , 5, 20, 10, 
2016/1/31, , 2, 21, 7, 
2016/2/1, , 2, 20, 11, 
2016/2/2, , 3, 18, 14, 
2016/2/3, , 4, 18, 9, 
2016/2/4, , 5, 11, 20, 
2016/2/5, , 6, 9, 17, 
2016/2/6, , 10, 15, 13, 
2016/2/7, , 9, 28, 5, 
2016/2/8, , 3, 24, 9, 
2016/2/9, , 3, 27, 7, 
2016/2/10, , 2, 18, 15, 
2016/2/11, , 3, 20, 12, 
2016/2/12, , 9, 16, 11, 
2016/2/13, , 10, 22, 8, 
2016/2/14, , 3, 7, 12, 
2016/2/15, , 8, 11, 12, 
2016/2/16, , 15, 5, 15, 
2016/2/17, , 18, 8, 16, 
2016/2/18, , 20, 9, 19, 
2016/2/19, , 21, 25, 7, 
2016/2/20, , 8, 24, 2, 
2016/2/21, , 2, 22, 6, 
2016/2/22, , 8, 15, 17, 
2016/2/23, , 24, 15, 13, 
2016/2/24, , 10, 11, 17, 
2016/2/25, , 14, 13, 16, 
2016/2/26, , 19, 14, 12, 
2016/2/27, , 18, 16, 10, 
2016/2/28, , 24, 18, 10, 
2016/2/29, , 36, 19, 13, 
2016/3/1, , 27, 23, 10, 
2016/3/2, , 16, 20, 11, 
2016/3/3, , 3, 15, 15, 
2016/3/4, , 10, 20, 13, 
2016/3/5, , 5, 25, 5, 
2016/3/6, , 9, 18, 14, 
2016/3/7, , 8, 12, 17, 
2016/3/8, , 18, 12, 16, 
2016/3/9, , 27, 9, 20, 
2016/3/10, , 34, 12, 14, 
2016/3/11, , 39, 21, 7, 
2016/3/12, , 27, 23, 3, 
2016/3/13, , 19, 26, 6, 
2016/3/14, , 18, 6, 19, 
2016/3/15, , 27, 25, 5, 
2016/3/16, , 17, 17, 15, 
2016/3/17, , 16, 16, 20, 
2016/3/18, , 30, 7, 13, 
2016/3/19, , 35, 22, 4, 
2016/3/20, , 23, 19, 12, 
2016/3/21, , 20, 21, 14, 
2016/3/22, , 18, 14, 15, 
2016/3/23, , 16, 20, 11, 
2016/3/24, , 15, 23, 6, 
2016/3/25, , 15, 24, 8, 
2016/3/26, , 11, 31, 5, 
2016/3/27, , 10, 27, 4, 
2016/3/28, , 4, 29, 7, 
2016/3/29, , 3, 13, 15, 
2016/3/30, , 6, 16, 15, 
2016/3/31, , 12, 19, 6, 
2015/10/1, , 15, 17, 14, 
2015/10/2, , 19, 16, 14, 
2015/10/3, , 21, 27, 8, 
2015/10/4, , 22, 9, 15, 
2015/10/5, , 13, 5, 15, 
2015/10/6, , 11, 15, 8, 
2015/10/7, , 7, 15, 13, 
2015/10/8, , 7, 5, 15, 
2015/10/9, , 17, 6, 9, 
2015/10/10, , 19, 11, 7, 
2015/10/11, , 33, 14, 14, 
2015/10/14, , 34, 3, 12, 
2015/10/15, , 22, 7, 12, 
2015/10/16, , 18, 5, 15, 
2015/10/17, , 26, 5, 10, 
2015/10/18, , 30, 7, 15, 
2015/10/19, , 29, 1, 19, 
2015/10/20, , 29, 2, 18, 
2015/10/21, , 32, 12, 13, 
2015/10/22, , 32, 7, 12, 
2015/10/23, , 15, 5, 14, 
2015/10/24, , 17, 13, 9, 
2015/10/25, , 18, 6, 10, 
2015/10/26, , 21, 1, 12, 
2015/10/27, , 28, 1, 11, 
2015/10/28, , 22, 4, 17, 
2015/10/29, , 21, 9, 9, 
2015/10/30, , 20, 4, 9, 
2015/10/31, , 23, 1, 9, 
2015/11/1, , 25, , 14, 
2015/11/2, , 29, , 14, 
2015/11/3, , 35, 3, 25, 
2015/11/4, , 34, 7, 22, 
2015/11/5, , 26, 2, 23, 
2015/11/6, , 22, 7, 14, 
2015/11/7, , 10, 6, 13, 
2015/11/8, , 8, 15, 13, 
2015/11/9, , 8, 17, 12, 
2015/11/10, , 8, 10, 16, 
2015/11/11, , 10, 2, 24, 
2015/11/12, , 17, 8, 19, 
2015/11/13, , 21, 23, 9, 
2015/11/14, , 11, 24, 3, 
2015/11/15, , 10, 7, 22, 
2015/11/16, , 17, 17, 10, 
2015/11/17, , 13, 19, 9, 
2015/11/18, , 7, 23, 6, 
2015/11/19, , 9, 18, 10, 
2015/11/20, , 4, 18, 9, 
2015/11/21, , 4, 17, 6, 
2015/11/22, , 6, 8, 16, 
2015/11/23, , 9, 3, 19, 
2015/11/24, , 24, 8, 17, 
2015/11/25, , 8, 6, 16, 
2015/11/26, , 10, 1, 17, 
2015/11/27, , 16, 13, 11, 
2015/11/28, , 21, 26, 3, 
2015/11/29, , 4, 25, 7, 
2015/11/30, , 3, 21, 9, 
2015/12/1, , 1, 12, 18, 
2015/12/2, , 4, 7, 17, 
2015/12/3, , 14, 2, 24, 
2015/12/4, , 20, 2, 20, 
2015/12/5, , 20, 7, 19, 
2015/12/6, , 16, 2, 24, 
2015/12/7, , 12, 1, 23, 
2015/12/8, , 25, 8, 19, 
2015/12/9, , 20, 2, 24, 
2015/12/10, , 18, 3, 25, 
2015/12/11, , 22, 21, 9, 
2015/12/12, , 11, , , 
2015/12/14, , 17, 1, 27, 
2015/12/15, , 23, 1, 22, 
2015/12/16, , 24, 1, 24, 
2015/12/17, , 12, 4, 19, 
2015/12/18, , 13, 1, 18, 
2015/12/19, , 25, 2, 18, 
2015/12/20, , 26, 21, 10, 
2015/12/21, , 15, 17, 14, 
2015/12/22, , 4, 14, 12, 
2015/12/23, , 10, 6, 16, 
2015/12/24, , 12, 20, 7, 
2015/12/25, , 11, 8, 17, 
2015/12/26, , 9, 3, 18, 
2015/12/27, , 15, 1, 20, 
2015/12/28, , 17, 1, 24, 
2015/12/29, , 17, 5, 13, 
2015/12/30, , 25, , , 
2016/1/3, , 10, 15, 12, 
2015/7/1, , 17, 83, 5, 
2015/7/2, , 21, 94, 9, 
2015/7/3, , 28, 87, 6, 
2015/7/4, , 35, 92, 4, 
2015/7/5, , 28, 58, 4, 
2015/7/6, , 23, 87, 10, 
2015/7/7, , 19, 36, 3, 
2015/7/8, , 18, 37, 4, 
2015/7/9, , 11, 48, 7, 
2015/7/10, , 14, 75, 4, 
2015/7/11, , 15, 49, 2, 
2015/7/12, , 18, 32, 5, 
2015/7/13, , 12, 36, 4, 
2015/7/14, , 16, 46, 5, 
2015/7/15, , 13, 74, 8, 
2015/7/16, , 18, 76, 9, 
2015/7/17, , 22, 45, 4, 
2015/7/18, , 18, 42, 4, 
2015/7/19, , 17, 35, 5, 
2015/7/20, , 13, 42, 5, 
2015/7/21, , 11, 58, 13, 
2015/7/22, , 18, 48, 7, 
2015/7/23, , 17, 68, 4, 
2015/7/24, , 19, 37, 2, 
2015/7/25, , 11, 38, 3, 
2015/7/26, , 8, 30, 3, 
2015/7/27, , 7, 36, 4, 
2015/7/28, , 11, 30, 4, 
2015/7/29, , 13, 37, 5, 
2015/7/30, , 10, 45, 5, 
2015/7/31, , 10, 44, 11, 
2015/8/1, , 17, 71, 5, 
2015/8/2, , 20, 67, 5, 
2015/8/3, , 15, 51, 6, 
2015/8/4, , 19, 59, 4, 
2015/8/5, , 11, 82, 6, 
2015/8/6, , 20, 84, 7, 
2015/8/7, , 21, 94, 4, 
2015/8/8, , 20, 69, 3, 
2015/8/9, , 20, 58, 5, 
2015/8/10, , 28, 71, 5, 
2015/8/11, , 27, 79, 7, 
2015/8/12, , 23, 93, 6, 
2015/8/13, , 29, 53, 5, 
2015/8/14, , 24, 29, 3, 
2015/8/15, , 10, 22, 3, 
2015/8/16, , 5, 26, 4, 
2015/8/17, , 7, 30, 7, 
2015/8/18, , 9, 30, 8, 
2015/8/19, , 13, 35, 7, 
2015/8/20, , 17, 47, 5, 
2015/8/21, , 17, 56, 6, 
2015/8/22, , 20, 46, 4, 
2015/8/23, , 20, 23, 8, 
2015/8/24, , 11, 33, 3, 
2015/8/25, , 7, 40, 7, 
2015/8/26, , 10, 46, 8, 
2015/8/27, , 11, 23, 7, 
2015/8/28, , 10, 51, 5, 
2015/8/29, , 9, 74, 7, 
2015/8/30, , 18, 67, 12, 
2015/8/31, , 20, 28, 11, 
2015/9/1, , 29, 38, 6, 
2015/9/2, , 16, 36, 7, 
2015/9/3, , 16, 37, 8, 
2015/9/4, , 10, 31, 3, 
2015/9/5, , 8, 28, 2, 
2015/9/6, , 8, 23, 8, 
2015/9/7, , 8, 28, 7, 
2015/9/8, , 11, 34, 6, 
2015/9/9, , 11, 35, 4, 
2015/9/10, , 11, 31, 10, 
2015/9/11, , 18, 44, 7, 
2015/9/12, , 19, 25, 8, 
2015/9/13, , 10, 29, 7, 
2015/9/14, , 8, 29, 9, 
2015/9/15, , 5, 6, 21, 
2015/9/16, , 9, 22, 10, 
2015/9/17, , 9, 14, 14, 
2015/9/18, , 5, 27, 7, 
2015/9/19, , 10, , , 
2015/9/21, , 17, 26, 11, 
2015/9/22, , 14, 22, 6, 
2015/9/23, , 5, 19, 13, 
2015/9/24, , 10, 22, 11, 
2015/9/25, , 14, 24, 8, 
2015/9/26, , 16, 33, 2, 
2015/9/27, , 15, 30, 7, 
2015/9/28, , 9, 31, 4, 
2015/9/29, , 9, 29, 5, 
2015/9/30, , 11, 22, 7, 
2015/4/1, , 5, 25, 6, 
2015/4/2, , 8, 29, 9, 
2015/4/3, , 11, 22, 8, 
2015/4/4, , 11, 31, 4, 
2015/4/5, , 14, 18, 13, 
2015/4/6, , 20, 21, 17, 
2015/4/7, , 23, 15, 21, 
2015/4/8, , 28, 19, 19, 
2015/4/9, , 43, 21, 21, 
2015/4/10, , 38, 33, 11, 
2015/4/11, , 27, 25, 7, 
2015/4/12, , 11, 25, 11, 
2015/4/13, , 15, 23, 14, 
2015/4/14, , 20, 23, 16, 
2015/4/15, , 17, 26, 16, 
2015/4/16, , 17, 16, 13, 
2015/4/17, , 28, 27, 6, 
2015/4/18, , 16, 32, 5, 
2015/4/19, , 11, 26, 13, 
2015/4/20, , 17, 22, 19, 
2015/4/21, , 27, 21, 18, 
2015/4/22, , 32, 27, 14, 
2015/4/23, , 32, 27, 17, 
2015/4/24, , 28, 17, 18, 
2015/4/25, , 30, 29, 5, 
2015/4/26, , 10, 21, 12, 
2015/4/27, , 10, 16, 10, 
2015/4/28, , 16, 20, 10, 
2015/4/29, , 18, 33, 9, 
2015/4/30, , 17, 22, 4, 
2015/5/1, , 6, 23, 6, 
2015/5/2, , 9, 13, 5, 
2015/5/3, , 8, 31, 6, 
2015/5/4, , 6, 25, 13, 
2015/5/5, , 10, 33, 10, 
2015/5/6, , 16, 28, 11, 
2015/5/7, , 15, 41, 8, 
2015/5/8, , 18, 31, 3, 
2015/5/9, , 11, 37, 2, 
2015/5/10, , 9, 38, 10, 
2015/5/11, , 12, 34, 13, 
2015/5/12, , 22, 45, 8, 
2015/5/13, , 27, 46, 4, 
2015/5/14, , 25, 25, 6, 
2015/5/15, , 20, 43, 5, 
2015/5/16, , 26, 38, 2, 
2015/5/17, , 18, 48, 8, 
2015/5/18, , 19, 33, 6, 
2015/5/19, , 16, 33, 7, 
2015/5/20, , 11, 38, 6, 
2015/5/21, , 14, 44, 8, 
2015/5/22, , 20, 41, 7, 
2015/5/23, , 16, 39, 4, 
2015/5/24, , 25, 38, 5, 
2015/5/25, , 21, 26, 7, 
2015/5/26, , 20, 31, 7, 
2015/5/27, , 18, 48, 8, 
2015/5/28, , 23, 34, 8, 
2015/5/29, , 18, 37, 3, 
2015/5/30, , 13, 37, 3, 
2015/5/31, , 10, 21, 8, 
2015/6/1, , 9, 37, 4, 
2015/6/2, , 8, 45, 7, 
2015/6/3, , 12, 52, 3, 
2015/6/4, , 14, 63, 6, 
2015/6/5, , 17, 70, 4, 
2015/6/6, , 17, 54, 3, 
2015/6/7, , 23, 26, 8, 
2015/6/8, , 20, 31, 3, 
2015/6/9, , 14, 24, 6, 
2015/6/10, , 16, 45, 4, 
2015/6/11, , 20, 51, 12, 
2015/6/12, , 29, 44, 3, 
2015/6/13, , 23, 51, 3, 
2015/6/14, , 11, 46, 6, 
2015/6/15, , 14, 45, 5, 
2015/6/16, , 17, 45, 4, 
2015/6/17, , 14, 19, 8, 
2015/6/18, , 12, 31, 5, 
2015/6/19, , 19, 25, 4, 
2015/6/20, , 18, 29, 3, 
2015/6/21, , 10, 24, 6, 
2015/6/22, , 9, 26, 4, 
2015/6/23, , 8, 37, 5, 
2015/6/24, , 11, 49, 8, 
2015/6/25, , 18, 56, 6, 
2015/6/26, , 16, 40, 7, 
2015/6/27, , 19, 45, 2, 
2015/6/28, , 15, 54, 7, 
2015/6/29, , 15, 70, 9, 
2015/6/30, , 18, 80, 6, 
2015/1/1, , 69, 19, 20, 
2015/1/2, , 27, 19, 17, 
2015/1/3, , 15, 22, 6, 
2015/1/4, , 9, 12, 22, 
2015/1/5, , 14, 3, 25, 
2015/1/6, , 29, 7, 18, 
2015/1/7, , 36, 24, 15, 
2015/1/8, , 20, 23, 6, 
2015/1/9, , 5, 22, 2, 
2015/1/10, , 1, 28, 2, 
2015/1/11, , 4, 22, 19, 
2015/1/12, , 8, 19, 17, 
2015/1/13, , 9, 23, 9, 
2015/1/14, , 7, 12, 20, 
2015/1/15, , 8, 12, 25, 
2015/1/16, , 10, 11, 11, 
2015/1/17, , 14, 12, 13, 
2015/1/18, , 21, 1, 22, 
2015/1/19, , 24, 2, 21, 
2015/1/20, , 29, 10, 14, 
2015/1/21, , 28, 9, 12, 
2015/1/22, , 30, , 13, 
2015/1/23, , 33, 10, 11, 
2015/1/24, , 31, 19, 9, 
2015/1/25, , 23, 10, 21, 
2015/1/26, , 22, 18, 11, 
2015/1/27, , 11, 27, 12, 
2015/1/28, , 16, 24, 11, 
2015/1/29, , 7, 26, 10, 
2015/1/30, , 4, 18, 13, 
2015/1/31, , 10, 18, 6, 
2015/2/1, , 13, 18, 13, 
2015/2/2, , 10, 12, 27, 
2015/2/3, , 19, 3, 23, 
2015/2/4, , 39, 16, 7, 
2015/2/5, , 21, 23, 7, 
2015/2/6, , 22, 17, 13, 
2015/2/7, , 36, 27, 7, 
2015/2/8, , 34, 17, 14, 
2015/2/9, , 18, 13, 17, 
2015/2/10, , 22, 13, 14, 
2015/2/11, , 24, 5, 21, 
2015/2/12, , 37, 5, 26, 
2015/2/13, , 41, 5, 23, 
2015/2/14, , 45, 14, 10, 
2015/2/15, , 39, 5, 18, 
2015/2/16, , 44, 5, 18, 
2015/2/17, , 54, 11, 14, 
2015/2/18, , 42, 11, 17, 
2015/2/19, , 37, 22, 24, 
2015/2/20, , 43, 28, 8, 
2015/2/21, , 17, 18, 14, 
2015/2/22, , 21, 13, 22, 
2015/2/23, , 27, 20, 15, 
2015/2/24, , 10, 25, 17, 
2015/2/25, , 16, 21, 20, 
2015/2/26, , 28, 18, 20, 
2015/2/27, , 20, 21, 13, 
2015/2/28, , 20, 20, 9, 
2015/3/1, , 18, 30, 5, 
2015/3/2, , 4, 28, 13, 
2015/3/3, , 8, 27, 10, 
2015/3/4, , 9, 24, 11, 
2015/3/5, , 11, 20, 24, 
2015/3/6, , 19, 20, 14, 
2015/3/7, , 26, 21, 20, 
2015/3/8, , 27, 15, 25, 
2015/3/9, , 30, 16, 21, 
2015/3/10, , 41, 22, 14, 
2015/3/11, , 30, 24, 14, 
2015/3/12, , 25, 21, 12, 
2015/3/13, , 26, 12, 10, 
2015/3/14, , 34, 21, 7, 
2015/3/15, , 41, 20, 20, 
2015/3/16, , 37, 24, 18, 
2015/3/17, , 43, 22, 21, 
2015/3/18, , 41, 34, 15, 
2015/3/19, , 54, 26, 22, 
2015/3/20, , 54, 23, 15, 
2015/3/21, , 58, 21, 4, 
2015/3/22, , 42, 9, 10, 
2015/3/23, , 39, 22, 13, 
2015/3/24, , 52, 22, 11, 
2015/3/25, , 50, 17, 6, 
2015/3/26, , 34, 25, 4, 
2015/3/27, , 19, 32, 5, 
2015/3/28, , 18, 24, 1, 
2015/3/29, , 13, 30, 4, 
2015/3/30, , 3, 32, 3, 
2015/3/31, , 6, 28, 4, 
2014/10/1, , 25, 10, 14, 
2014/10/2, , 25, 17, 7, 
2014/10/3, , 24, 11, 8, 
2014/10/4, , 22, 11, 6, 
2014/10/5, , 25, 5, 13, 
2014/10/6, , 25, 12, 13, 
2014/10/7, , 19, 4, 20, 
2014/10/8, , 8, 16, 14, 
2014/10/9, , 12, 2, 15, 
2014/10/10, , 12, 5, 11, 
2014/10/11, , 15, 8, 7, 
2014/10/12, , 15, 2, 18, 
2014/10/13, , 19, 9, 17, 
2014/10/14, , 11, 6, 20, 
2014/10/15, , 15, 9, 15, 
2014/10/16, , 12, 14, 14, 
2014/10/17, , 7, 8, 11, 
2014/10/18, , 11, 12, 9, 
2014/10/19, , 12, 9, 15, 
2014/10/20, , 12, 19, 10, 
2014/10/21, , 12, 19, 5, 
2014/10/22, , 8, 12, 12, 
2014/10/23, , 13, 6, 15, 
2014/10/24, , 26, 6, 16, 
2014/10/25, , 24, 6, 11, 
2014/10/26, , 25, 9, 9, 
2014/10/27, , 19, 5, 11, 
2014/10/28, , 21, 5, 18, 
2014/10/29, , 30, 2, 20, 
2014/10/30, , 37, 2, 16, 
2014/10/31, , 30, 2, 15, 
2014/11/1, , 27, 6, 16, 
2014/11/2, , 28, 5, 23, 
2014/11/3, , 21, 4, 20, 
2014/11/4, , 20, 11, 16, 
2014/11/5, , 12, 3, 17, 
2014/11/6, , 15, 4, 16, 
2014/11/7, , 24, 10, 16, 
2014/11/8, , 13, 2, 14, 
2014/11/9, , 20, , 17, 
2014/11/10, , 28, , 11, 
2014/11/11, , 25, , 12, 
2014/11/12, , 26, 1, 14, 
2014/11/13, , 23, 2, 13, 
2014/11/14, , 27, 1, 13, 
2014/11/15, , 18, 15, 10, 
2014/11/16, , 13, 2, 14, 
2014/11/17, , 13, 3, 14, 
2014/11/18, , 23, , 12, 
2014/11/19, , 14, 1, 13, 
2014/11/20, , 19, 1, 11, 
2014/11/21, , 24, 2, 13, 
2014/11/22, , 29, 1, 12, 
2014/11/23, , 30, , 13, 
2014/11/24, , 20, 5, 10, 
2014/11/25, , 26, 2, 9, 
2014/11/26, , 28, 1, 9, 
2014/11/27, , 26, 2, 9, 
2014/11/28, , 29, 1, 8, 
2014/11/29, , 27, 2, 7, 
2014/11/30, , 17, 3, 8, 
2014/12/1, , 18, , 10, 
2014/12/2, , 30, , 10, 
2014/12/3, , 29, , 12, 
2014/12/4, , 31, , 16, 
2014/12/5, , 20, , 13, 
2014/12/6, , 24, 6, 11, 
2014/12/7, , 24, 10, 16, 
2014/12/8, , 16, 1, 19, 
2014/12/9, , 27, 7, 16, 
2014/12/10, , 28, 18, 9, 
2014/12/11, , 7, 23, 8, 
2014/12/12, , 4, 13, 16, 
2014/12/13, , 6, 7, 14, 
2014/12/14, , 17, 3, 17, 
2014/12/15, , 27, 4, 18, 
2014/12/16, , 22, 10, 19, 
2014/12/17, , 11, 7, 15, 
2014/12/18, , 5, 12, 13, 
2014/12/19, , 3, 25, 5, 
2014/12/20, , 5, 20, 6, 
2014/12/21, , 7, 18, 12, 
2014/12/22, , 7, 15, 12, 
2014/12/23, , 8, 21, 7, 
2014/12/24, , 19, 23, 4, 
2014/12/25, , 9, 12, 10, 
2014/12/26, , 11, 13, 11, 
2014/12/27, , 16, 12, 14, 
2014/12/28, , 17, , , 
2014/8/20, , 10, 37, 5, 
2014/8/21, , 12, 34, 9, 
2014/8/22, , 12, 26, 6, 
2014/8/23, , 10, 35, 3, 
2014/8/24, , 7, 28, 10, 
2014/8/25, , 10, 23, 7, 
2014/8/26, , 8, 34, 4, 
2014/8/27, , 4, 25, 9, 
2014/8/28, , 11, 28, 9, 
2014/8/29, , 13, 30, 4, 
2014/8/30, , 10, 23, 5, 
2014/8/31, , 11, 22, 7, 
2014/9/1, , 14, 20, 11, 
2014/9/2, , 20, 10, 9, 
2014/9/3, , 21, 17, 9, 
2014/9/4, , 29, 33, 8, 
2014/9/5, , 36, 37, 11, 
2014/9/6, , 29, 42, 8, 
2014/9/7, , 31, 41, 8, 
2014/9/8, , 29, 35, 10, 
2014/9/9, , 30, 29, 7, 
2014/9/10, , 25, 19, 10, 
2014/9/11, , 24, 12, 12, 
2014/9/12, , 13, 8, 9, 
2014/9/13, , 15, 25, 4, 
2014/9/14, , 22, 18, 8, 
2014/9/15, , 21, 25, 8, 
2014/9/16, , 20, 33, 7, 
2014/9/17, , 23, 23, 16, 
2014/9/18, , 23, 19, 16, 
2014/9/19, , 20, 32, 6, 
2014/9/20, , 15, 30, 3, 
2014/9/21, , 12, 22, 8, 
2014/9/22, , 17, 24, 9, 
2014/9/23, , 18, 18, 13, 
2014/9/24, , 21, 16, 10, 
2014/9/25, , 20, 28, 10, 
2014/9/26, , 15, 25, 7, 
2014/9/27, , 19, 21, 10, 
2014/9/28, , 14, 20, 16, 
2014/9/29, , 18, 18, 16, 
2014/9/30, , 18, 14, 14, 
2022/7/26, , , 36, 2, 
2017/12/31, , , 30, 2, 
2018/3/17, , , 31, 6, 
2018/3/18, , , 30, 9, 
2018/3/19, , , 28, 16, 
2017/10/7, , , 20, 3, 
2017/11/12, , , 11, 14, 
2017/12/15, , , 11, 12, 
2017/12/17, , , 9, 17, 
2017/12/18, , , 2, 18, 
2017/6/30, , , 26, 2, 
2017/9/10, , , 22, 9, 
2017/9/12, , , 21, 5, 
2017/1/23, , , 2, 31, 
2016/7/10, , , 37, 3, 
2016/8/7, , , 34, 6, 
2016/8/8, , , 33, 5, 
2016/8/9, , , 28, 5, 
2016/8/10, , , 33, 4, 
2016/8/30, , , 49, 6, 
2016/1/12, , , 21, 6, 
2015/10/12, , , 1, 18, 
2015/10/13, , , 6, 12, 
2015/12/13, , , 3, 22, 
2016/1/2, , , 6, 11, 
2015/9/20, , , 34, 8, 
2014/12/31, , , 10, 15, 
2014/8/19, , , 30, 8, 